property_id,ticker,company,address,city,source_url,scrape_date,full_address,latitude,longitude,simplified_address,simplified_full_address
PSPN_001,PSPN,PSP Swiss Property AG,Barfüsserplatz 10,Basel,NA,2026-08-26,"Barfüsserplatz 10, Basel, Switzerland",47.5543447,7.5887267,Barfüsserplatz 10,"Barfüsserplatz 10, Basel, Switzerland"
PSPN_002,PSPN,PSP Swiss Property AG,Dornacherstrasse 210,Basel,NA,2026-08-26,"Dornacherstrasse 210, Basel, Switzerland",47.5412855,7.5944857,Dornacherstrasse 210,"Dornacherstrasse 210, Basel, Switzerland"
PSPN_003,PSPN,PSP Swiss Property AG,Falknerstrasse 31 / Weisse Gasse 16,Basel,NA,2026-08-26,"Falknerstrasse 31 / Weisse Gasse 16, Basel, Switzerland",47.5555484,7.5893591,Falknerstrasse 31,"Falknerstrasse 31, Basel, Switzerland"
PSPN_004,PSPN,PSP Swiss Property AG,Freie Strasse 38,Basel,NA,2026-08-26,"Freie Strasse 38, Basel, Switzerland",47.5562228,7.5898458,Freie Strasse 38,"Freie Strasse 38, Basel, Switzerland"
PSPN_005,PSPN,PSP Swiss Property AG,Greifengasse 21,Basel,NA,2026-08-26,"Greifengasse 21, Basel, Switzerland",47.5614329,7.5925382,Greifengasse 21,"Greifengasse 21, Basel, Switzerland"
PSPN_006,PSPN,PSP Swiss Property AG,Grosspeterstrasse 44,Basel,NA,2026-08-26,"Grosspeterstrasse 44, Basel, Switzerland",47.545042,7.6019635,Grosspeterstrasse 44,"Grosspeterstrasse 44, Basel, Switzerland"
PSPN_007,PSPN,PSP Swiss Property AG,Grosspeterstrasse 18 / Grosspeteranlage 11,Basel,NA,2026-08-26,"Grosspeterstrasse 18 / Grosspeteranlage 11, Basel, Switzerland",47.5450167,7.6003472,Grosspeterstrasse 18,"Grosspeterstrasse 18, Basel, Switzerland"
PSPN_008,PSPN,PSP Swiss Property AG,Hochstrasse 16 / Pfeffingerstrasse 5,Basel,NA,2026-08-26,"Hochstrasse 16 / Pfeffingerstrasse 5, Basel, Switzerland",47.5451793,7.5926586,Hochstrasse 16,"Hochstrasse 16, Basel, Switzerland"
PSPN_009,PSPN,PSP Swiss Property AG,"Kirschgartenstrasse 12, 14",Basel,NA,2026-08-26,"Kirschgartenstrasse 12, 14, Basel, Switzerland",47.5514971,7.5916713,Kirschgartenstrasse 12,"Kirschgartenstrasse 12, Basel, Switzerland"
PSPN_010,PSPN,PSP Swiss Property AG,Marktgasse 4,Basel,NA,2026-08-26,"Marktgasse 4, Basel, Switzerland",47.5598403,7.5875563,Marktgasse 4,"Marktgasse 4, Basel, Switzerland"
PSPN_011,PSPN,PSP Swiss Property AG,Marktgasse 5,Basel,NA,2026-08-26,"Marktgasse 5, Basel, Switzerland",47.5595538,7.5875753,Marktgasse 5,"Marktgasse 5, Basel, Switzerland"
PSPN_012,PSPN,PSP Swiss Property AG,"Peter Merian-Strasse 88, 90",Basel,NA,2026-08-26,"Peter Merian-Strasse 88, 90, Basel, Switzerland",47.5458482,7.5952919,Peter Merian-Strasse 88,"Peter Merian-Strasse 88, Basel, Switzerland"
PSPN_013,PSPN,PSP Swiss Property AG,St. Alban-Anlage 46,Basel,NA,2026-08-26,"St. Alban-Anlage 46, Basel, Switzerland",47.5521807,7.6006162,St. Alban-Anlage 46,"St. Alban-Anlage 46, Basel, Switzerland"
PSPN_014,PSPN,PSP Swiss Property AG,"Steinentorberg 8, 12",Basel,NA,2026-08-26,"Steinentorberg 8, 12, Basel, Switzerland",47.5504547,7.5872529,Steinentorberg 8,"Steinentorberg 8, Basel, Switzerland"
PSPN_015,PSPN,PSP Swiss Property AG,"Bärenplatz 9, 11, 27 / Käfiggässchen 10, 22, 26",Bern,NA,2026-08-26,"Bärenplatz 9, 11, 27 / Käfiggässchen 10, 22, 26, Bern, Switzerland",46.9478264,7.4438747,Bärenplatz 9,"Bärenplatz 9, Bern, Switzerland"
PSPN_016,PSPN,PSP Swiss Property AG,Bollwerk 15,Bern,NA,2026-08-26,"Bollwerk 15, Bern, Switzerland",46.9493712,7.4406661,Bollwerk 15,"Bollwerk 15, Bern, Switzerland"
PSPN_017,PSPN,PSP Swiss Property AG,Genfergasse 4,Bern,NA,2026-08-26,"Genfergasse 4, Bern, Switzerland",46.9492854,7.4410634,Genfergasse 4,"Genfergasse 4, Bern, Switzerland"
PSPN_018,PSPN,PSP Swiss Property AG,Kramgasse 49,Bern,NA,2026-08-26,"Kramgasse 49, Bern, Switzerland",46.9476741,7.449971,Kramgasse 49,"Kramgasse 49, Bern, Switzerland"
PSPN_019,PSPN,PSP Swiss Property AG,Kramgasse 78,Bern,NA,2026-08-26,"Kramgasse 78, Bern, Switzerland",46.9480591,7.4485012,Kramgasse 78,"Kramgasse 78, Bern, Switzerland"
PSPN_020,PSPN,PSP Swiss Property AG,Laupenstrasse 10,Bern,NA,2026-08-26,"Laupenstrasse 10, Bern, Switzerland",46.9473844,7.4361881,Laupenstrasse 10,"Laupenstrasse 10, Bern, Switzerland"
PSPN_021,PSPN,PSP Swiss Property AG,"Laupenstrasse 18, 18a",Bern,NA,2026-08-26,"Laupenstrasse 18, 18a, Bern, Switzerland",46.9474304,7.4351242,Laupenstrasse 18,"Laupenstrasse 18, Bern, Switzerland"
PSPN_022,PSPN,PSP Swiss Property AG,"Seilerstrasse 8, 8a",Bern,NA,2026-08-26,"Seilerstrasse 8, 8a, Bern, Switzerland",46.9465801,7.4344827,Seilerstrasse 8,"Seilerstrasse 8, Bern, Switzerland"
PSPN_023,PSPN,PSP Swiss Property AG,Waisenhausplatz 14,Bern,NA,2026-08-26,"Waisenhausplatz 14, Bern, Switzerland",46.9489677,7.4437234,Waisenhausplatz 14,"Waisenhausplatz 14, Bern, Switzerland"
PSPN_024,PSPN,PSP Swiss Property AG,"Zeughausgasse 26, 28",Bern,NA,2026-08-26,"Zeughausgasse 26, 28, Bern, Switzerland",46.9491393,7.44478,Zeughausgasse 26,"Zeughausgasse 26, Bern, Switzerland"
PSPN_025,PSPN,PSP Swiss Property AG,Waldeggstrasse 30,Liebefeld,NA,2026-08-26,"Waldeggstrasse 30, Liebefeld, Switzerland",46.9337234,7.4196767,Waldeggstrasse 30,"Waldeggstrasse 30, Liebefeld, Switzerland"
PSPN_026,PSPN,PSP Swiss Property AG,Waldeggstrasse 37,Liebefeld,NA,2026-08-26,"Waldeggstrasse 37, Liebefeld, Switzerland",46.9319652,7.4197052,Waldeggstrasse 37,"Waldeggstrasse 37, Liebefeld, Switzerland"
PSPN_027,PSPN,PSP Swiss Property AG,Waldeggstrasse 38,Liebefeld,NA,2026-08-26,"Waldeggstrasse 38, Liebefeld, Switzerland",46.9333858,7.4187088,Waldeggstrasse 38,"Waldeggstrasse 38, Liebefeld, Switzerland"
PSPN_028,PSPN,PSP Swiss Property AG,"Waldeggstrasse 41, 45, 47",Liebefeld,NA,2026-08-26,"Waldeggstrasse 41, 45, 47, Liebefeld, Switzerland",46.9329219,7.4191912,Waldeggstrasse 41,"Waldeggstrasse 41, Liebefeld, Switzerland"
PSPN_029,PSPN,PSP Swiss Property AG,"Cours de Rive 13, 15 / Boulevard Helvétique 25",Genève,NA,2026-08-26,"Cours de Rive 13, 15 / Boulevard Helvétique 25, Genève, Switzerland",46.2017327,6.1540268,Cours de Rive 13,"Cours de Rive 13, Genève, Switzerland"
PSPN_030,PSPN,PSP Swiss Property AG,"Place de la Synagogue 3, 5 / Rue Jean-Petitot 4, 6",Genève,NA,2026-08-26,"Place de la Synagogue 3, 5 / Rue Jean-Petitot 4, 6, Genève, Switzerland",46.2029441,6.1407536,Place de la Synagogue 3,"Place de la Synagogue 3, Genève, Switzerland"
PSPN_031,PSPN,PSP Swiss Property AG,Place du Molard 7,Genève,NA,2026-08-26,"Place du Molard 7, Genève, Switzerland",46.2033515,6.1480286,Place du Molard 7,"Place du Molard 7, Genève, Switzerland"
PSPN_032,PSPN,PSP Swiss Property AG,"Rue de Hesse 18, Rue Henriette-et-Jeanne-Rath 13",Genève,NA,2026-08-26,"Rue de Hesse 18, Rue Henriette-et-Jeanne-Rath 13, Genève, Switzerland",46.202647,6.1425465,"Rue de Hesse 18, Rue Henriette-et-Jeanne-Rath 13","Rue de Hesse 18, Rue Henriette-et-Jeanne-Rath 13, Genève, Switzerland"
PSPN_033,PSPN,PSP Swiss Property AG,Rue de l’Arquebuse 8,Genève,NA,2026-08-26,"Rue de l’Arquebuse 8, Genève, Switzerland",46.203022,6.1391336,Rue de l’Arquebuse 8,"Rue de l’Arquebuse 8, Genève, Switzerland"
PSPN_034,PSPN,PSP Swiss Property AG,Rue de la Confédération 2,Genève,NA,2026-08-26,"Rue de la Confédération 2, Genève, Switzerland",46.2037481,6.1433446,Rue de la Confédération 2,"Rue de la Confédération 2, Genève, Switzerland"
PSPN_035,PSPN,PSP Swiss Property AG,"Rue de la Corraterie 24, 26",Genève,NA,2026-08-26,"Rue de la Corraterie 24, 26, Genève, Switzerland",46.2022399,6.1434548,Rue de la Corraterie 24,"Rue de la Corraterie 24, Genève, Switzerland"
PSPN_036,PSPN,PSP Swiss Property AG,"Rue de la Corraterie 5, 7 / Rue de la Cité 6",Genève,NA,2026-08-26,"Rue de la Corraterie 5, 7 / Rue de la Cité 6, Genève, Switzerland",46.2033034,6.1433281,Rue de la Corraterie 5,"Rue de la Corraterie 5, Genève, Switzerland"
PSPN_037,PSPN,PSP Swiss Property AG,Rue de la Fontaine 5,Genève,NA,2026-08-26,"Rue de la Fontaine 5, Genève, Switzerland",46.2018092,6.1499285,Rue de la Fontaine 5,"Rue de la Fontaine 5, Genève, Switzerland"
PSPN_038,PSPN,PSP Swiss Property AG,"Rue des Bains 31bis, 33, 35",Genève,NA,2026-08-26,"Rue des Bains 31bis, 33, 35, Genève, Switzerland",46.1987177,6.1370006,"Rue des Bains 31bis, 33","Rue des Bains 31bis, 33, Genève, Switzerland"
PSPN_039,PSPN,PSP Swiss Property AG,Rue du Marché 40,Genève,NA,2026-08-26,"Rue du Marché 40, Genève, Switzerland",46.2028153,6.1477318,Rue du Marché 40,"Rue du Marché 40, Genève, Switzerland"
PSPN_040,PSPN,PSP Swiss Property AG,Rue du Mont-Blanc 12,Genève,NA,2026-08-26,"Rue du Mont-Blanc 12, Genève, Switzerland",46.2075952,6.1467518,Rue du Mont-Blanc 12,"Rue du Mont-Blanc 12, Genève, Switzerland"
PSPN_041,PSPN,PSP Swiss Property AG,"Rue du Prince 9, 11",Genève,NA,2026-08-26,"Rue du Prince 9, 11, Genève, Switzerland",46.2025281,6.1509683,Rue du Prince 9,"Rue du Prince 9, Genève, Switzerland"
PSPN_042,PSPN,PSP Swiss Property AG,Rue du XXXI-Décembre 8,Genève,NA,2026-08-26,"Rue du XXXI-Décembre 8, Genève, Switzerland",46.2048883,6.1579167,Rue du XXXI-Décembre 8,"Rue du XXXI-Décembre 8, Genève, Switzerland"
PSPN_043,PSPN,PSP Swiss Property AG,Rue F. Bonivard 12 / Rue des Alpes 11,Genève,NA,2026-08-26,"Rue F. Bonivard 12 / Rue des Alpes 11, Genève, Switzerland",46.2085271,6.1474061,Rue F. Bonivard 12,"Rue F. Bonivard 12, Genève, Switzerland"
PSPN_044,PSPN,PSP Swiss Property AG,Rue François-Diday 8,Genève,NA,2026-08-26,"Rue François-Diday 8, Genève, Switzerland",46.2028974,6.1426608,Rue François-Diday 8,"Rue François-Diday 8, Genève, Switzerland"
PSPN_045,PSPN,PSP Swiss Property AG,Rue Henriette-et-Jeanne-Rath 14 / Rue de Hesse 16bis,Genève,NA,2026-08-26,"Rue Henriette-et-Jeanne-Rath 14 / Rue de Hesse 16bis, Genève, Switzerland",46.2024555,6.1422899,Rue Henriette-et-Jeanne-Rath 14,"Rue Henriette-et-Jeanne-Rath 14, Genève, Switzerland"
PSPN_046,PSPN,PSP Swiss Property AG,Rue Richard-Wagner 6,Genève,NA,2026-08-26,"Rue Richard-Wagner 6, Genève, Switzerland",46.2181675,6.141669,Rue Richard-Wagner 6,"Rue Richard-Wagner 6, Genève, Switzerland"
PSPN_047,PSPN,PSP Swiss Property AG,Rue de la Gabelle 6,Carouge,NA,2026-08-26,"Rue de la Gabelle 6, Carouge, Switzerland",46.1889427,6.1333589,Rue de la Gabelle 6,"Rue de la Gabelle 6, Carouge, Switzerland"
PSPN_048,PSPN,PSP Swiss Property AG,Quai de Cologny 5,Cologny,NA,2026-08-26,"Quai de Cologny 5, Cologny, Switzerland",46.2131602,6.1735426,Quai de Cologny 5,"Quai de Cologny 5, Cologny, Switzerland"
PSPN_049,PSPN,PSP Swiss Property AG,Avenue de Cour 135,Lausanne,NA,2026-08-26,"Avenue de Cour 135, Lausanne, Switzerland",46.5171541,6.6097991,Avenue de Cour 135,"Avenue de Cour 135, Lausanne, Switzerland"
PSPN_050,PSPN,PSP Swiss Property AG,Avenue Agassiz 2,Lausanne,NA,2026-08-26,"Avenue Agassiz 2, Lausanne, Switzerland",46.5183886,6.6308492,Avenue Agassiz 2,"Avenue Agassiz 2, Lausanne, Switzerland"
PSPN_051,PSPN,PSP Swiss Property AG,Avenue de Sévelin 40,Lausanne,NA,2026-08-26,"Avenue de Sévelin 40, Lausanne, Switzerland",46.5228918,6.6153795,Avenue de Sévelin 40,"Avenue de Sévelin 40, Lausanne, Switzerland"
PSPN_052,PSPN,PSP Swiss Property AG,Avenue de Sévelin 46,Lausanne,NA,2026-08-26,"Avenue de Sévelin 46, Lausanne, Switzerland",46.5228746,6.6191248,Avenue de Sévelin 46,"Avenue de Sévelin 46, Lausanne, Switzerland"
PSPN_053,PSPN,PSP Swiss Property AG,Avenue de Sévelin 54,Lausanne,NA,2026-08-26,"Avenue de Sévelin 54, Lausanne, Switzerland",46.5231515,6.6171732,Avenue de Sévelin 54,"Avenue de Sévelin 54, Lausanne, Switzerland"
PSPN_054,PSPN,PSP Swiss Property AG,Chemin du Rionzi 52,Lausanne,NA,2026-08-26,"Chemin du Rionzi 52, Lausanne, Switzerland",46.5430209,6.6297028,Chemin du Rionzi 52,"Chemin du Rionzi 52, Lausanne, Switzerland"
PSPN_055,PSPN,PSP Swiss Property AG,Chemin de Bossons 2,Lausanne,NA,2026-08-26,"Chemin de Bossons 2, Lausanne, Switzerland",46.5359337,6.6217524,Chemin de Bossons 2,"Chemin de Bossons 2, Lausanne, Switzerland"
PSPN_056,PSPN,PSP Swiss Property AG,Grand Pont 1,Lausanne,NA,2026-08-26,"Grand Pont 1, Lausanne, Switzerland",46.5201218,6.6315454,Grand Pont 1,"Grand Pont 1, Lausanne, Switzerland"
PSPN_057,PSPN,PSP Swiss Property AG,Place Saint-François 5,Lausanne,NA,2026-08-26,"Place Saint-François 5, Lausanne, Switzerland",46.5201173,6.6330104,Place Saint-François 5,"Place Saint-François 5, Lausanne, Switzerland"
PSPN_058,PSPN,PSP Swiss Property AG,Place Saint-François 15,Lausanne,NA,2026-08-26,"Place Saint-François 15, Lausanne, Switzerland",46.5190456,6.6331764,Place Saint-François 15,"Place Saint-François 15, Lausanne, Switzerland"
PSPN_059,PSPN,PSP Swiss Property AG,Rue Centrale 15,Lausanne,NA,2026-08-26,"Rue Centrale 15, Lausanne, Switzerland",46.5210922,6.6339676,Rue Centrale 15,"Rue Centrale 15, Lausanne, Switzerland"
PSPN_060,PSPN,PSP Swiss Property AG,"Rue de Sébeillon 1, 3, 5",Lausanne,NA,2026-08-26,"Rue de Sébeillon 1, 3, 5, Lausanne, Switzerland",46.5231735,6.6191087,Rue de Sébeillon 1,"Rue de Sébeillon 1, Lausanne, Switzerland"
PSPN_061,PSPN,PSP Swiss Property AG,Rue de Sébeillon 2,Lausanne,NA,2026-08-26,"Rue de Sébeillon 2, Lausanne, Switzerland",46.5236029,6.6184763,Rue de Sébeillon 2,"Rue de Sébeillon 2, Lausanne, Switzerland"
PSPN_062,PSPN,PSP Swiss Property AG,Rue du Grand-Chêne 2,Lausanne,NA,2026-08-26,"Rue du Grand-Chêne 2, Lausanne, Switzerland",46.5197101,6.631624,Rue du Grand-Chêne 2,"Rue du Grand-Chêne 2, Lausanne, Switzerland"
PSPN_063,PSPN,PSP Swiss Property AG,Rue Saint-Martin 7,Lausanne,NA,2026-08-26,"Rue Saint-Martin 7, Lausanne, Switzerland",46.5220921,6.6369097,Rue Saint-Martin 7,"Rue Saint-Martin 7, Lausanne, Switzerland"
PSPN_064,PSPN,PSP Swiss Property AG,Aarbergstrasse 107,Biel,NA,2026-08-26,"Aarbergstrasse 107, Biel, Switzerland",47.1343605,7.2411653,Aarbergstrasse 107,"Aarbergstrasse 107, Biel, Switzerland"
PSPN_065,PSPN,PSP Swiss Property AG,Bahnhofplatz 2,Biel,NA,2026-08-26,"Bahnhofplatz 2, Biel, Switzerland",47.1337575,7.2419907,Bahnhofplatz 2,"Bahnhofplatz 2, Biel, Switzerland"
PSPN_066,PSPN,PSP Swiss Property AG,Via Emilio Bossi 9,Lugano,NA,2026-08-26,"Via Emilio Bossi 9, Lugano, Switzerland",46.0070656,8.9547042,Via Emilio Bossi 9,"Via Emilio Bossi 9, Lugano, Switzerland"
PSPN_067,PSPN,PSP Swiss Property AG,Via Ginevra 2,Lugano,NA,2026-08-26,"Via Ginevra 2, Lugano, Switzerland",46.0082732,8.9520821,Via Ginevra 2,"Via Ginevra 2, Lugano, Switzerland"
PSPN_068,PSPN,PSP Swiss Property AG,Via Pessina 16,Lugano,NA,2026-08-26,"Via Pessina 16, Lugano, Switzerland",46.0045699,8.950676,Via Pessina 16,"Via Pessina 16, Lugano, Switzerland"
PSPN_069,PSPN,PSP Swiss Property AG,Baslerstrasse 2-16,Rheinfelden,NA,2026-08-26,"Baslerstrasse 2-16, Rheinfelden, Switzerland",47.5463996,7.7596899,Baslerstrasse 2-16,"Baslerstrasse 2-16, Rheinfelden, Switzerland"
PSPN_070,PSPN,PSP Swiss Property AG,Marktgasse 74,Winterthur,NA,2026-08-26,"Marktgasse 74, Winterthur, Switzerland",47.499537,8.7270495,Marktgasse 74,"Marktgasse 74, Winterthur, Switzerland"
PSPN_071,PSPN,PSP Swiss Property AG,Untertor 34,Winterthur,NA,2026-08-26,"Untertor 34, Winterthur, Switzerland",47.4992373,8.7241714,Untertor 34,"Untertor 34, Winterthur, Switzerland"
PSPN_072,PSPN,PSP Swiss Property AG,Kolinplatz 2,Zug,NA,2026-08-26,"Kolinplatz 2, Zug, Switzerland",47.1664662,8.5154214,Kolinplatz 2,"Kolinplatz 2, Zug, Switzerland"
PSPN_073,PSPN,PSP Swiss Property AG,Alfred Escher-Strasse 17,Zürich,NA,2026-08-26,"Alfred Escher-Strasse 17, Zürich, Switzerland",47.3645827,8.5331708,Alfred Escher-Strasse 17,"Alfred Escher-Strasse 17, Zürich, Switzerland"
PSPN_074,PSPN,PSP Swiss Property AG,Augustinergasse 25,Zürich,NA,2026-08-26,"Augustinergasse 25, Zürich, Switzerland",47.3721894,8.5388153,Augustinergasse 25,"Augustinergasse 25, Zürich, Switzerland"
PSPN_075,PSPN,PSP Swiss Property AG,"Bahnhofplatz 1, 2 / Bahnhofquai 9, 11, 15",Zürich,NA,2026-08-26,"Bahnhofplatz 1, 2 / Bahnhofquai 9, 11, 15, Zürich, Switzerland",47.3767867,8.5412647,Bahnhofplatz 1,"Bahnhofplatz 1, Zürich, Switzerland"
PSPN_076,PSPN,PSP Swiss Property AG,Bahnhofplatz 9,Zürich,NA,2026-08-26,"Bahnhofplatz 9, Zürich, Switzerland",47.3771053,8.5388908,Bahnhofplatz 9,"Bahnhofplatz 9, Zürich, Switzerland"
PSPN_077,PSPN,PSP Swiss Property AG,Bahnhofstrasse 10 / Börsenstrasse 18,Zürich,NA,2026-08-26,"Bahnhofstrasse 10 / Börsenstrasse 18, Zürich, Switzerland",47.3681254,8.5400375,Bahnhofstrasse 10,"Bahnhofstrasse 10, Zürich, Switzerland"
PSPN_078,PSPN,PSP Swiss Property AG,Bahnhofstrasse 28a / Waaggasse 6,Zürich,NA,2026-08-26,"Bahnhofstrasse 28a / Waaggasse 6, Zürich, Switzerland",47.3702197,8.5397027,Bahnhofstrasse 28a,"Bahnhofstrasse 28a, Zürich, Switzerland"
PSPN_079,PSPN,PSP Swiss Property AG,Bahnhofstrasse 39,Zürich,NA,2026-08-26,"Bahnhofstrasse 39, Zürich, Switzerland",47.3715237,8.5382565,Bahnhofstrasse 39,"Bahnhofstrasse 39, Zürich, Switzerland"
PSPN_080,PSPN,PSP Swiss Property AG,Bahnhofstrasse 66,Zürich,NA,2026-08-26,"Bahnhofstrasse 66, Zürich, Switzerland",47.3737699,8.5386362,Bahnhofstrasse 66,"Bahnhofstrasse 66, Zürich, Switzerland"
PSPN_081,PSPN,PSP Swiss Property AG,"Bahnhofstrasse 81 / Schweizergasse 2, 4",Zürich,NA,2026-08-26,"Bahnhofstrasse 81 / Schweizergasse 2, 4, Zürich, Switzerland",47.3759089,8.539182,Bahnhofstrasse 81,"Bahnhofstrasse 81, Zürich, Switzerland"
PSPN_082,PSPN,PSP Swiss Property AG,"Binzring 15, 17",Zürich,NA,2026-08-26,"Binzring 15, 17, Zürich, Switzerland",47.3616528,8.5092559,Binzring 15,"Binzring 15, Zürich, Switzerland"
PSPN_083,PSPN,PSP Swiss Property AG,Bleicherweg 10 / Schanzengraben 7,Zürich,NA,2026-08-26,"Bleicherweg 10 / Schanzengraben 7, Zürich, Switzerland",47.3685649,8.536928,Bleicherweg 10,"Bleicherweg 10, Zürich, Switzerland"
PSPN_084,PSPN,PSP Swiss Property AG,Bleicherweg 14,Zürich,NA,2026-08-26,"Bleicherweg 14, Zürich, Switzerland",47.368462,8.5358682,Bleicherweg 14,"Bleicherweg 14, Zürich, Switzerland"
PSPN_085,PSPN,PSP Swiss Property AG,Brandschenkestrasse 70,Zürich,NA,2026-08-26,"Brandschenkestrasse 70, Zürich, Switzerland",47.367369,8.5280219,Brandschenkestrasse 70,"Brandschenkestrasse 70, Zürich, Switzerland"
PSPN_086,PSPN,PSP Swiss Property AG,Brandschenkestrasse 72,Zürich,NA,2026-08-26,"Brandschenkestrasse 72, Zürich, Switzerland",47.3672297,8.5274838,Brandschenkestrasse 72,"Brandschenkestrasse 72, Zürich, Switzerland"
PSPN_087,PSPN,PSP Swiss Property AG,"Brandschenkestrasse 80, 82, 84",Zürich,NA,2026-08-26,"Brandschenkestrasse 80, 82, 84, Zürich, Switzerland",47.3665627,8.5262175,Brandschenkestrasse 80,"Brandschenkestrasse 80, Zürich, Switzerland"
PSPN_088,PSPN,PSP Swiss Property AG,Brandschenkestrasse 90,Zürich,NA,2026-08-26,"Brandschenkestrasse 90, Zürich, Switzerland",47.3657862,8.5264192,Brandschenkestrasse 90,"Brandschenkestrasse 90, Zürich, Switzerland"
PSPN_089,PSPN,PSP Swiss Property AG,Brandschenkestrasse 100,Zürich,NA,2026-08-26,"Brandschenkestrasse 100, Zürich, Switzerland",47.3655261,8.5253399,Brandschenkestrasse 100,"Brandschenkestrasse 100, Zürich, Switzerland"
PSPN_090,PSPN,PSP Swiss Property AG,Brandschenkestrasse 110,Zürich,NA,2026-08-26,"Brandschenkestrasse 110, Zürich, Switzerland",47.3656492,8.5248522,Brandschenkestrasse 110,"Brandschenkestrasse 110, Zürich, Switzerland"
PSPN_091,PSPN,PSP Swiss Property AG,"Brandschenkestrasse 130, 132",Zürich,NA,2026-08-26,"Brandschenkestrasse 130, 132, Zürich, Switzerland",47.3647177,8.525609,Brandschenkestrasse 130,"Brandschenkestrasse 130, Zürich, Switzerland"
PSPN_092,PSPN,PSP Swiss Property AG,Brandschenkestrasse 150,Zürich,NA,2026-08-26,"Brandschenkestrasse 150, Zürich, Switzerland",47.364738,8.5250587,Brandschenkestrasse 150,"Brandschenkestrasse 150, Zürich, Switzerland"
PSPN_093,PSPN,PSP Swiss Property AG,Brandschenkestrasse 152,Zürich,NA,2026-08-26,"Brandschenkestrasse 152, Zürich, Switzerland",47.3645908,8.5244026,Brandschenkestrasse 152,"Brandschenkestrasse 152, Zürich, Switzerland"
PSPN_094,PSPN,PSP Swiss Property AG,Brandschenkestrasse 152a,Zürich,NA,2026-08-26,"Brandschenkestrasse 152a, Zürich, Switzerland",47.3647787,8.5239584,Brandschenkestrasse 152a,"Brandschenkestrasse 152a, Zürich, Switzerland"
PSPN_095,PSPN,PSP Swiss Property AG,Brandschenkestrasse 152b,Zürich,NA,2026-08-26,"Brandschenkestrasse 152b, Zürich, Switzerland",47.364415,8.5240264,Brandschenkestrasse 152b,"Brandschenkestrasse 152b, Zürich, Switzerland"
PSPN_096,PSPN,PSP Swiss Property AG,Dufourstrasse 56,Zürich,NA,2026-08-26,"Dufourstrasse 56, Zürich, Switzerland",47.3617651,8.5490439,Dufourstrasse 56,"Dufourstrasse 56, Zürich, Switzerland"
PSPN_097,PSPN,PSP Swiss Property AG,Förrlibuckstrasse 10,Zürich,NA,2026-08-26,"Förrlibuckstrasse 10, Zürich, Switzerland",47.3919562,8.5169472,Förrlibuckstrasse 10,"Förrlibuckstrasse 10, Zürich, Switzerland"
PSPN_098,PSPN,PSP Swiss Property AG,"Förrlibuckstrasse 60, 62",Zürich,NA,2026-08-26,"Förrlibuckstrasse 60, 62, Zürich, Switzerland",47.3915936,8.5150567,Förrlibuckstrasse 60,"Förrlibuckstrasse 60, Zürich, Switzerland"
PSPN_099,PSPN,PSP Swiss Property AG,Förrlibuckstrasse 66,Zürich,NA,2026-08-26,"Förrlibuckstrasse 66, Zürich, Switzerland",47.3918083,8.5145088,Förrlibuckstrasse 66,"Förrlibuckstrasse 66, Zürich, Switzerland"
PSPN_100,PSPN,PSP Swiss Property AG,Förrlibuckstrasse 110,Zürich,NA,2026-08-26,"Förrlibuckstrasse 110, Zürich, Switzerland",47.3922823,8.5130326,Förrlibuckstrasse 110,"Förrlibuckstrasse 110, Zürich, Switzerland"
PSPN_101,PSPN,PSP Swiss Property AG,Förrlibuckstrasse 151,Zürich,NA,2026-08-26,"Förrlibuckstrasse 151, Zürich, Switzerland",47.3918728,8.5110639,Förrlibuckstrasse 151,"Förrlibuckstrasse 151, Zürich, Switzerland"
PSPN_102,PSPN,PSP Swiss Property AG,Förrlibuckstrasse 181,Zürich,NA,2026-08-26,"Förrlibuckstrasse 181, Zürich, Switzerland",47.3914099,8.5108073,Förrlibuckstrasse 181,"Förrlibuckstrasse 181, Zürich, Switzerland"
PSPN_103,PSPN,PSP Swiss Property AG,Freieckgasse 7,Zürich,NA,2026-08-26,"Freieckgasse 7, Zürich, Switzerland",47.3674376,8.5459546,Freieckgasse 7,"Freieckgasse 7, Zürich, Switzerland"
PSPN_104,PSPN,PSP Swiss Property AG,Füsslistrasse 6,Zürich,NA,2026-08-26,"Füsslistrasse 6, Zürich, Switzerland",47.3732227,8.5373598,Füsslistrasse 6,"Füsslistrasse 6, Zürich, Switzerland"
PSPN_105,PSPN,PSP Swiss Property AG,Gartenstrasse 32,Zürich,NA,2026-08-26,"Gartenstrasse 32, Zürich, Switzerland",47.3681808,8.5322908,Gartenstrasse 32,"Gartenstrasse 32, Zürich, Switzerland"
PSPN_106,PSPN,PSP Swiss Property AG,Genferstrasse 23,Zürich,NA,2026-08-26,"Genferstrasse 23, Zürich, Switzerland",47.3649069,8.5340601,Genferstrasse 23,"Genferstrasse 23, Zürich, Switzerland"
PSPN_107,PSPN,PSP Swiss Property AG,Gerbergasse 5,Zürich,NA,2026-08-26,"Gerbergasse 5, Zürich, Switzerland",47.3749346,8.5369062,Gerbergasse 5,"Gerbergasse 5, Zürich, Switzerland"
PSPN_108,PSPN,PSP Swiss Property AG,Goethestrasse 24,Zürich,NA,2026-08-26,"Goethestrasse 24, Zürich, Switzerland",47.3661399,8.548438,Goethestrasse 24,"Goethestrasse 24, Zürich, Switzerland"
PSPN_109,PSPN,PSP Swiss Property AG,"Grubenstrasse 6, 8",Zürich,NA,2026-08-26,"Grubenstrasse 6, 8, Zürich, Switzerland",47.3619101,8.517068,Grubenstrasse 6,"Grubenstrasse 6, Zürich, Switzerland"
PSPN_110,PSPN,PSP Swiss Property AG,"Gutenbergstrasse 1, 9",Zürich,NA,2026-08-26,"Gutenbergstrasse 1, 9, Zürich, Switzerland",47.3650635,8.5306298,Gutenbergstrasse 1,"Gutenbergstrasse 1, Zürich, Switzerland"
PSPN_111,PSPN,PSP Swiss Property AG,"Hardturmstrasse 101, 103, 105 / Förrlibuckstrasse 30",Zürich,NA,2026-08-26,"Hardturmstrasse 101, 103, 105 / Förrlibuckstrasse 30, Zürich, Switzerland",47.3920696,8.5163847,Hardturmstrasse 101,"Hardturmstrasse 101, Zürich, Switzerland"
PSPN_112,PSPN,PSP Swiss Property AG,"Hardturmstrasse 131, 133, 135",Zürich,NA,2026-08-26,"Hardturmstrasse 131, 133, 135, Zürich, Switzerland",47.3926341,8.5132777,Hardturmstrasse 131,"Hardturmstrasse 131, Zürich, Switzerland"
PSPN_113,PSPN,PSP Swiss Property AG,Hardturmstrasse 161 / Förrlibuckstrasse 150,Zürich,NA,2026-08-26,"Hardturmstrasse 161 / Förrlibuckstrasse 150, Zürich, Switzerland",47.3931963,8.5121106,Hardturmstrasse 161,"Hardturmstrasse 161, Zürich, Switzerland"
PSPN_114,PSPN,PSP Swiss Property AG,"Hardturmstrasse 169, 171, 173, 175",Zürich,NA,2026-08-26,"Hardturmstrasse 169, 171, 173, 175, Zürich, Switzerland",47.3934491,8.5112014,Hardturmstrasse 169,"Hardturmstrasse 169, Zürich, Switzerland"
PSPN_115,PSPN,PSP Swiss Property AG,"Hardturmstrasse 181, 183 / Förrlibuckstrasse 160, 190, 192",Zürich,NA,2026-08-26,"Hardturmstrasse 181, 183 / Förrlibuckstrasse 160, 190, 192, Zürich, Switzerland",47.3935102,8.5105213,Hardturmstrasse 181,"Hardturmstrasse 181, Zürich, Switzerland"
PSPN_116,PSPN,PSP Swiss Property AG,"Hottingerstrasse 10, 12",Zürich,NA,2026-08-26,"Hottingerstrasse 10, 12, Zürich, Switzerland",47.3700967,8.5500888,Hottingerstrasse 10,"Hottingerstrasse 10, Zürich, Switzerland"
PSPN_117,PSPN,PSP Swiss Property AG,In Gassen 16,Zürich,NA,2026-08-26,"In Gassen 16, Zürich, Switzerland",47.3706852,8.5402063,In Gassen 16,"In Gassen 16, Zürich, Switzerland"
PSPN_118,PSPN,PSP Swiss Property AG,Konradstrasse 1,Zürich,NA,2026-08-26,"Konradstrasse 1, Zürich, Switzerland",47.3797818,8.5371702,Konradstrasse 1,"Konradstrasse 1, Zürich, Switzerland"
PSPN_119,PSPN,PSP Swiss Property AG,Kurvenstrasse 17 / Beckenhofstrasse 26,Zürich,NA,2026-08-26,"Kurvenstrasse 17 / Beckenhofstrasse 26, Zürich, Switzerland",47.384409,8.5422034,Kurvenstrasse 17,"Kurvenstrasse 17, Zürich, Switzerland"
PSPN_120,PSPN,PSP Swiss Property AG,Limmatquai 4,Zürich,NA,2026-08-26,"Limmatquai 4, Zürich, Switzerland",47.3679385,8.5449894,Limmatquai 4,"Limmatquai 4, Zürich, Switzerland"
PSPN_121,PSPN,PSP Swiss Property AG,Limmatquai 144 / Zähringerstrasse 51,Zürich,NA,2026-08-26,"Limmatquai 144 / Zähringerstrasse 51, Zürich, Switzerland",47.376562,8.5440755,Limmatquai 144,"Limmatquai 144, Zürich, Switzerland"
PSPN_122,PSPN,PSP Swiss Property AG,Limmatstrasse 291,Zürich,NA,2026-08-26,"Limmatstrasse 291, Zürich, Switzerland",47.389044,8.5246267,Limmatstrasse 291,"Limmatstrasse 291, Zürich, Switzerland"
PSPN_123,PSPN,PSP Swiss Property AG,Lintheschergasse 10,Zürich,NA,2026-08-26,"Lintheschergasse 10, Zürich, Switzerland",47.376014,8.538745,Lintheschergasse 10,"Lintheschergasse 10, Zürich, Switzerland"
PSPN_124,PSPN,PSP Swiss Property AG,Löwenstrasse 22,Zürich,NA,2026-08-26,"Löwenstrasse 22, Zürich, Switzerland",47.3740869,8.5356686,Löwenstrasse 22,"Löwenstrasse 22, Zürich, Switzerland"
PSPN_125,PSPN,PSP Swiss Property AG,Mühlebachstrasse 2 / Falkenstrasse 30,Zürich,NA,2026-08-26,"Mühlebachstrasse 2 / Falkenstrasse 30, Zürich, Switzerland",47.3659676,8.5488592,Mühlebachstrasse 2,"Mühlebachstrasse 2, Zürich, Switzerland"
PSPN_126,PSPN,PSP Swiss Property AG,Mühlebachstrasse 6,Zürich,NA,2026-08-26,"Mühlebachstrasse 6, Zürich, Switzerland",47.3657381,8.5491363,Mühlebachstrasse 6,"Mühlebachstrasse 6, Zürich, Switzerland"
PSPN_127,PSPN,PSP Swiss Property AG,Mühlebachstrasse 32,Zürich,NA,2026-08-26,"Mühlebachstrasse 32, Zürich, Switzerland",47.3644237,8.5505486,Mühlebachstrasse 32,"Mühlebachstrasse 32, Zürich, Switzerland"
PSPN_128,PSPN,PSP Swiss Property AG,Obstgartenstrasse 7,Zürich,NA,2026-08-26,"Obstgartenstrasse 7, Zürich, Switzerland",47.3819607,8.5424478,Obstgartenstrasse 7,"Obstgartenstrasse 7, Zürich, Switzerland"
PSPN_129,PSPN,PSP Swiss Property AG,"Pfingstweidstrasse 60, 60b",Zürich,NA,2026-08-26,"Pfingstweidstrasse 60, 60b, Zürich, Switzerland",47.3901348,8.5145905,Pfingstweidstrasse 60,"Pfingstweidstrasse 60, Zürich, Switzerland"
PSPN_130,PSPN,PSP Swiss Property AG,Poststrasse 3,Zürich,NA,2026-08-26,"Poststrasse 3, Zürich, Switzerland",47.369534,8.5402161,Poststrasse 3,"Poststrasse 3, Zürich, Switzerland"
PSPN_131,PSPN,PSP Swiss Property AG,Schützengasse 1 / Beatengasse 4,Zürich,NA,2026-08-26,"Schützengasse 1 / Beatengasse 4, Zürich, Switzerland",47.3761355,8.5405353,Schützengasse 1,"Schützengasse 1, Zürich, Switzerland"
PSPN_132,PSPN,PSP Swiss Property AG,Seebahnstrasse 89,Zürich,NA,2026-08-26,"Seebahnstrasse 89, Zürich, Switzerland",47.3713658,8.5224999,Seebahnstrasse 89,"Seebahnstrasse 89, Zürich, Switzerland"
PSPN_133,PSPN,PSP Swiss Property AG,Seefeldstrasse 5,Zürich,NA,2026-08-26,"Seefeldstrasse 5, Zürich, Switzerland",47.3651168,8.5482996,Seefeldstrasse 5,"Seefeldstrasse 5, Zürich, Switzerland"
PSPN_134,PSPN,PSP Swiss Property AG,Seefeldstrasse 123,Zürich,NA,2026-08-26,"Seefeldstrasse 123, Zürich, Switzerland",47.3580861,8.5544767,Seefeldstrasse 123,"Seefeldstrasse 123, Zürich, Switzerland"
PSPN_135,PSPN,PSP Swiss Property AG,Seestrasse 353,Zürich,NA,2026-08-26,"Seestrasse 353, Zürich, Switzerland",47.3462325,8.5334649,Seestrasse 353,"Seestrasse 353, Zürich, Switzerland"
PSPN_136,PSPN,PSP Swiss Property AG,Splügenstrasse 6,Zürich,NA,2026-08-26,"Splügenstrasse 6, Zürich, Switzerland",47.3645394,8.5338133,Splügenstrasse 6,"Splügenstrasse 6, Zürich, Switzerland"
PSPN_137,PSPN,PSP Swiss Property AG,Stampfenbachstrasse 48 / Sumatrastrasse 11,Zürich,NA,2026-08-26,"Stampfenbachstrasse 48 / Sumatrastrasse 11, Zürich, Switzerland",47.3804685,8.5430355,Stampfenbachstrasse 48,"Stampfenbachstrasse 48, Zürich, Switzerland"
PSPN_138,PSPN,PSP Swiss Property AG,Stauffacherstrasse 31,Zürich,NA,2026-08-26,"Stauffacherstrasse 31, Zürich, Switzerland",47.3734849,8.5287165,Stauffacherstrasse 31,"Stauffacherstrasse 31, Zürich, Switzerland"
PSPN_139,PSPN,PSP Swiss Property AG,Theaterstrasse 12,Zürich,NA,2026-08-26,"Theaterstrasse 12, Zürich, Switzerland",47.3666382,8.5465328,Theaterstrasse 12,"Theaterstrasse 12, Zürich, Switzerland"
PSPN_140,PSPN,PSP Swiss Property AG,Theaterstrasse 22,Zürich,NA,2026-08-26,"Theaterstrasse 22, Zürich, Switzerland",47.3672986,8.5456007,Theaterstrasse 22,"Theaterstrasse 22, Zürich, Switzerland"
PSPN_141,PSPN,PSP Swiss Property AG,Uraniastrasse 9,Zürich,NA,2026-08-26,"Uraniastrasse 9, Zürich, Switzerland",47.374214,8.5393955,Uraniastrasse 9,"Uraniastrasse 9, Zürich, Switzerland"
PSPN_142,PSPN,PSP Swiss Property AG,"Waisenhausstrasse 2, 4 / Bahnhofquai 7",Zürich,NA,2026-08-26,"Waisenhausstrasse 2, 4 / Bahnhofquai 7, Zürich, Switzerland",47.3762176,8.5409343,Waisenhausstrasse 2,"Waisenhausstrasse 2, Zürich, Switzerland"
PSPN_143,PSPN,PSP Swiss Property AG,"Walchestrasse 11, 15 / Neumühlequai 26, 28",Zürich,NA,2026-08-26,"Walchestrasse 11, 15 / Neumühlequai 26, 28, Zürich, Switzerland",47.3800211,8.5422229,Walchestrasse 11,"Walchestrasse 11, Zürich, Switzerland"
PSPN_144,PSPN,PSP Swiss Property AG,"Wasserwerkstrasse 10, 12 / Stampfenbachstrasse 109",Zürich,NA,2026-08-26,"Wasserwerkstrasse 10, 12 / Stampfenbachstrasse 109, Zürich, Switzerland",47.3830036,8.5407393,Wasserwerkstrasse 10,"Wasserwerkstrasse 10, Zürich, Switzerland"
PSPN_145,PSPN,PSP Swiss Property AG,Zollstrasse 6,Zürich,NA,2026-08-26,"Zollstrasse 6, Zürich, Switzerland",47.3797985,8.5369658,Zollstrasse 6,"Zollstrasse 6, Zürich, Switzerland"
PSPN_146,PSPN,PSP Swiss Property AG,Zweierstrasse 129,Zürich,NA,2026-08-26,"Zweierstrasse 129, Zürich, Switzerland",47.3709474,8.5201992,Zweierstrasse 129,"Zweierstrasse 129, Zürich, Switzerland"
PSPN_147,PSPN,PSP Swiss Property AG,Moosstrasse 2,Rüschlikon,NA,2026-08-26,"Moosstrasse 2, Rüschlikon, Switzerland",47.3029481,8.5455369,Moosstrasse 2,"Moosstrasse 2, Rüschlikon, Switzerland"
PSPN_148,PSPN,PSP Swiss Property AG,"Heinrich Stutz-Strasse 27, 29",Urdorf,NA,2026-08-26,"Heinrich Stutz-Strasse 27, 29, Urdorf, Switzerland",47.3675662,8.4276302,Heinrich Stutz-Strasse 27,"Heinrich Stutz-Strasse 27, Urdorf, Switzerland"
