property_id,ticker,company,property_type,report_date,location,address,report_property,raw_line,ownership_status,year_acquired,year_construction,property_text,floor_space_m2,apartments_1_1_5,apartments_2_2_5,apartments_3_3_5,apartments_4_4_5,apartments_5plus,total_apartments,other_uses_m2,target_rental_income_chf_m,vacancy_rate_pct,discount_cap_rate,site_area_m2,office_pct,retail_pct,residential_pct,other_pct,city,simplified_address,simplified_full_address,latitude,longitude,second_pass_address
ALLN_R_001,ALLN,Allreal Holding AG,Residential,2025-12-31,Zurich,Grünhof-Areal,"Zurich, Grünhof-Areal",Zurich Grünhof-Areal5 SO 2002 1925 2019–2021 TR 7 870 yes Minergie7 11 555 6 36 52 36 3 133 2 761 6.0 1.1 3.24/2.22,SO,2002,1925,Zurich Grünhof-Areal5,11555,6,36,52,36,3,133,2761,6,1.1,3.24/2.22,7870,NA,NA,NA,NA,Zurich,Grünhof-Areal,"Grünhof-Areal, Zurich, Switzerland",47.3733504,8.5242404,"Ankerstrasse 23, Zurich, Switzerland"
ALLN_R_002,ALLN,Allreal Holding AG,Residential,2025-12-31,Zurich,Hardturmstrasse ,"Zurich, Hardturmstrasse ",Zurich Hardturmstrasse 5 LO 2004 2014 2 651 no Minergie 6 095 – 17 27 6 1 51 14 2.8 1.9 3.22/2.20,LO,2004,2014,Zurich Hardturmstrasse 5,6095,NA,17,27,6,1,51,14,2.8,1.9,3.22/2.20,2651,NA,NA,NA,NA,Zurich,Hardturmstrasse,"Hardturmstrasse, Zurich, Switzerland",47.3909845,8.5213936,NA
ALLN_R_003,ALLN,Allreal Holding AG,Residential,2025-12-31,Zurich,Heerenwiesen 23–41 / Winterthurerstrasse 563 / Schürgistrasse 18/20,"Zurich, Heerenwiesen 23–41 / Winterthurerstrasse 563 / Schürgistrasse 18/20",Zurich Schürgistrasse 18/20 SO 2003 1996 11 616 no 7 782 8 12 25 29 6 80 2 846 2.6 0.9 3.53/2.50,SO,2003,1996,Zurich Schürgistrasse 18/20,7782,8,12,25,29,6,80,2846,2.6,0.9,3.53/2.50,11616,NA,NA,NA,NA,Zurich,Heerenwiesen 23–41,"Heerenwiesen 23–41, Zurich, Switzerland",47.4056759,8.5740886,NA
ALLN_R_004,ALLN,Allreal Holding AG,Residential,2025-12-31,Zurich,Josefstrasse 137,"Zurich, Josefstrasse 137",Zurich Josefstrasse 137 SO 1999 1984 903 no 2 763 4 36 – – – 40 212 0.9 2.4 3.27/2.25,SO,1999,1984,Zurich Josefstrasse 137,2763,4,36,NA,NA,NA,40,212,0.9,2.4,3.27/2.25,903,NA,NA,NA,NA,Zurich,Josefstrasse 137,"Josefstrasse 137, Zurich, Switzerland",47.3841986,8.5282505,NA
ALLN_R_005,ALLN,Allreal Holding AG,Residential,2025-12-31,Zurich,Neunbrunnenstrasse 47–53,"Zurich, Neunbrunnenstrasse 47–53",Zurich Neunbrunnenstrasse 47–53 SO 1993 2013 4 291 yes Minergie 4 640 – – 14 21 5 40 – 1.6 0.1 3.22/2.20,SO,1993,2013,Zurich Neunbrunnenstrasse 47–53,4640,NA,NA,14,21,5,40,NA,1.6,0.1,3.22/2.20,4291,NA,NA,NA,NA,Zurich,Neunbrunnenstrasse 47–53,"Neunbrunnenstrasse 47–53, Zurich, Switzerland",47.4166105,8.5353967,NA
ALLN_R_006,ALLN,Allreal Holding AG,Residential,2025-12-31,Zurich,Schiffbaustrasse ,"Zurich, Schiffbaustrasse ",Zurich Schiffbaustrasse 7 SO 2010 2016 1 610 no Minergie 2 333 – 3 16 3 1 23 1 018 1.4 1.8 3.37/2.35,SO,2010,2016,Zurich Schiffbaustrasse 7,2333,NA,3,16,3,1,23,1018,1.4,1.8,3.37/2.35,1610,NA,NA,NA,NA,Zurich,Schiffbaustrasse,"Schiffbaustrasse, Zurich, Switzerland",47.3886339,8.518707,NA
ALLN_R_007,ALLN,Allreal Holding AG,Residential,2025-12-31,Zurich,Zollikerstrasse 185–187,"Zurich, Zollikerstrasse 185–187",Zurich Zollikerstrasse 185–187 SO 2008 1984 2017 PR 1 445 no 1 656 2 2 4 4 2 14 100 0.7 1.1 3.22/2.20,SO,2008,1984,Zurich Zollikerstrasse 185–187,1656,2,2,4,4,2,14,100,0.7,1.1,3.22/2.20,1445,NA,NA,NA,NA,Zurich,Zollikerstrasse 185–187,"Zollikerstrasse 185–187, Zurich, Switzerland",47.3545233,8.5614792,NA
ALLN_R_008,ALLN,Allreal Holding AG,Residential,2025-12-31,Adliswil,Moosstrasse 1–13 / Grütstrasse 33–39,"Adliswil, Moosstrasse 1–13 / Grütstrasse 33–39",Adliswil Grütstrasse 33–39 SO 2005 2011 13 901 no Minergie 13 381 – 28 62 38 10 138 285 4.0 0.1 3.42/2.40,SO,2005,2011,Adliswil Grütstrasse 33–39,13381,NA,28,62,38,10,138,285,4,0.1,3.42/2.40,13901,NA,NA,NA,NA,Adliswil,Moosstrasse 1–13,"Moosstrasse 1–13, Adliswil, Switzerland",47.3227749,8.5321644,NA
ALLN_R_009,ALLN,Allreal Holding AG,Residential,2025-12-31,Bülach,Hohfuristrasse 7–11 / Unterweg 55–59 / Im Stumpen 2,"Bülach, Hohfuristrasse 7–11 / Unterweg 55–59 / Im Stumpen 2",Bülach Im Stumpen 2 SO 1999 1979 2013 TR 8 412 no 3 850 – 8 17 18 6 49 101 1.0 0.8 3.47/2.45,SO,1999,1979,Bülach Im Stumpen 2,3850,NA,8,17,18,6,49,101,1,0.8,3.47/2.45,8412,NA,NA,NA,NA,Bülach,Hohfuristrasse 7–11,"Hohfuristrasse 7–11, Bülach, Switzerland",47.5268656,8.5422897,NA
ALLN_R_010,ALLN,Allreal Holding AG,Residential,2025-12-31,Bülach,Fangletenstrasse 4–18,"Bülach, Fangletenstrasse 4–18",Bülach Fangletenstrasse 4–18 SO 2018 2018 11 018 no Minergie-Eco 7 253 – 14 25 31 6 76 – 2.1 0.1 3.32/2.30,SO,2018,2018,Bülach Fangletenstrasse 4–18,7253,NA,14,25,31,6,76,NA,2.1,0.1,3.32/2.30,11018,NA,NA,NA,NA,Bülach,Fangletenstrasse 4–18,"Fangletenstrasse 4–18, Bülach, Switzerland",47.5271933,8.5365732,NA
ALLN_R_011,ALLN,Allreal Holding AG,Residential,2025-12-31,Fällanden,Unterdorfstrasse 2/4 / Unterdorfwäg 2–22,"Fällanden, Unterdorfstrasse 2/4 / Unterdorfwäg 2–22",Fällanden Unterdorfwäg 2–22 SO 2003 2008 2019–2022 PR 23 691 no 14 903 – 20 41 56 22 139 2 882 4.4 0.3 3.53/2.50,SO,2003,2008,Fällanden Unterdorfwäg 2–22,14903,NA,20,41,56,22,139,2882,4.4,0.3,3.53/2.50,23691,NA,NA,NA,NA,Fällanden,Unterdorfstrasse 2,"Unterdorfstrasse 2, Fällanden, Switzerland",47.3738744,8.6410578,NA
ALLN_R_012,ALLN,Allreal Holding AG,Residential,2025-12-31,Glattbrugg,"Hohenstieglen 1–23, 2–16","Glattbrugg, Hohenstieglen 1–23, 2–16","Glattbrugg 1–23, 2–16 SO 1999 1990 2017 PR 29 639 no 14 236 18 30 71 41 – 160 734 3.3 0.8 3.53/2.50",SO,1999,1990,"Glattbrugg 1–23, 2–16",14236,18,30,71,41,NA,160,734,3.3,0.8,3.53/2.50,29639,NA,NA,NA,NA,Glattbrugg,"Hohenstieglen 1–23, 2–16","Hohenstieglen 1–23, 2–16, Glattbrugg, Switzerland",47.4276665,8.5577779,"Hohenstieglen 1, Glattbrugg, Switzerland"
ALLN_R_013,ALLN,Allreal Holding AG,Residential,2025-12-31,Kloten,Schaffhauserstrasse 117/119,"Kloten, Schaffhauserstrasse 117/119",Kloten Schaffhauserstrasse 117/119 SO 2001 1992 3 643 no 2 091 – 4 – 10 4 18 201 0.6 1.1 3.53/2.50,SO,2001,1992,Kloten Schaffhauserstrasse 117/119,2091,NA,4,NA,10,4,18,201,0.6,1.1,3.53/2.50,3643,NA,NA,NA,NA,Kloten,Schaffhauserstrasse 117,"Schaffhauserstrasse 117, Kloten, Switzerland",47.4498571,8.5811779,NA
ALLN_R_014,ALLN,Allreal Holding AG,Residential,2025-12-31,Schlieren,Limmataustrasse 2–8 / Limmatstrasse 9–11 / Engstringermatte,"Schlieren, Limmataustrasse 2–8 / Limmatstrasse 9–11 / Engstringermatte",Schlieren Engstringermatte SO 1999 1984 2018 TR 8 907 no 5 100 – 18 24 12 – 54 286 1.2 0.2 3.47/2.24,SO,1999,1984,Schlieren Engstringermatte,5100,NA,18,24,12,NA,54,286,1.2,0.2,3.47/2.24,8907,NA,NA,NA,NA,Schlieren,Limmataustrasse 2–8,"Limmataustrasse 2–8, Schlieren, Switzerland",47.4067148,8.4490859,NA
ALLN_R_015,ALLN,Allreal Holding AG,Residential,2025-12-31,Schlieren,Flöhrebenstrasse ,"Schlieren, Flöhrebenstrasse ",Schlieren Flöhrebenstrasse 6 LO 2002 1988 2 691 no 3 332 – – 24 16 – 40 294 0.8 1.0 3.53/2.50,LO,2002,1988,Schlieren Flöhrebenstrasse 6,3332,NA,NA,24,16,NA,40,294,0.8,1,3.53/2.50,2691,NA,NA,NA,NA,Schlieren,Flöhrebenstrasse,"Flöhrebenstrasse, Schlieren, Switzerland",47.3966325,8.4624439,NA
ALLN_R_016,ALLN,Allreal Holding AG,Residential,2025-12-31,Volketswil,Sunnebüelstrasse 1–17 / Ifangstrasse 12–20 / Neufund 1/3,"Volketswil, Sunnebüelstrasse 1–17 / Ifangstrasse 12–20 / Neufund 1/3",Volketswil Neufund 1/3 SO 1999 1968 2002/2003 TR 20 110 no 12 236 – – 48 62 38 148 136 2.7 0.0 3.78/2.75,SO,1999,1968,Volketswil Neufund 1/3,12236,NA,NA,48,62,38,148,136,2.7,0,3.78/2.75,20110,NA,NA,NA,NA,Volketswil,Sunnebüelstrasse 1–17,"Sunnebüelstrasse 1–17, Volketswil, Switzerland",47.3907976,8.6805744,NA
ALLN_R_017,ALLN,Allreal Holding AG,Residential,2025-12-31,Wallisellen,Escherweg 2–6 / Favreweg 1–5 / Richtiarkade 13–15 / Richtiring 14–16 (Richti-Areal),"Wallisellen, Escherweg 2–6 / Favreweg 1–5 / Richtiarkade 13–15 / Richtiring 14–16 (Richti-Areal)",Wallisellen (Richti-Areal) SO 2002 2014 8 242 no Minergie 12 659 1 18 75 22 2 118 1 201 4.2 0.3 3.42/2.40,SO,2002,2014,Wallisellen (Richti-Areal),12659,1,18,75,22,2,118,1201,4.2,0.3,3.42/2.40,8242,NA,NA,NA,NA,Wallisellen,Escherweg 2–6,"Escherweg 2–6, Wallisellen, Switzerland",47.4107858,8.5956681,NA
ALLN_R_018,ALLN,Allreal Holding AG,Residential,2025-12-31,Bernex,Rue de Bernex 315-327,"Bernex, Rue de Bernex 315-327",Bernex Rue de Bernex 315-327 SO 2021 1964 2019 PR 5 713 no 2 101 1 3 12 12 4 32 958 1.1 0.7 3.83/2.80,SO,2021,1964,Bernex Rue de Bernex 315-327,2101,1,3,12,12,4,32,958,1.1,0.7,3.83/2.80,5713,NA,NA,NA,NA,Bernex,Rue de Bernex 315-327,"Rue de Bernex 315-327, Bernex, Switzerland",46.1717446,6.0603931,NA
ALLN_R_019,ALLN,Allreal Holding AG,Residential,2025-12-31,Carouge,Avenue Industrielle 18,"Carouge, Avenue Industrielle 18",Carouge Avenue Industrielle 18 SO 2021 1915 2020 PR 462 no 1 005 – 20 1 2 1 24 – 0.5 0.7 3.68/2.65,SO,2021,1915,Carouge Avenue Industrielle 18,1005,NA,20,1,2,1,24,NA,0.5,0.7,3.68/2.65,462,NA,NA,NA,NA,Carouge,Avenue Industrielle 18,"Avenue Industrielle 18, Carouge, Switzerland",46.1887552,6.1350006,NA
ALLN_R_020,ALLN,Allreal Holding AG,Residential,2025-12-31,Genf,Avenue de l’Amandolier 21,"Genf, Avenue de l’Amandolier 21",Genf Avenue de l’Amandolier 21 SO 2021 2025 1 664 no HPE 1 107 – 2 2 8 4 16 184 0.1 0.0 3.53/2.50,SO,2021,2025,Genf Avenue de l’Amandolier 21,1107,NA,2,2,8,4,16,184,0.1,0,3.53/2.50,1664,NA,NA,NA,NA,Geneva,Avenue de l’Amandolier 21,"Avenue de l’Amandolier 21, Geneva, Switzerland",46.1973358,6.1671225,NA
ALLN_R_021,ALLN,Allreal Holding AG,Residential,2025-12-31,Genf,Rue Edouard-Rod 10,"Genf, Rue Edouard-Rod 10",Genf Rue Edouard-Rod 10 SO 2021 2025 248 no HPE 1 231 – – – 16 – 16 115 0.1 0.0 3.47/2.45,SO,2021,2025,Genf Rue Edouard-Rod 10,1231,NA,NA,NA,16,NA,16,115,0.1,0,3.47/2.45,248,NA,NA,NA,NA,Geneva,Rue Edouard-Rod 10,"Rue Edouard-Rod 10, Geneva, Switzerland",46.213071,6.1225618,NA
ALLN_R_022,ALLN,Allreal Holding AG,Residential,2025-12-31,Carouge,Rue Daniel-Gevril 10 / Rue Saint-Nicolas-le-Vieux 9–11,"Carouge, Rue Daniel-Gevril 10 / Rue Saint-Nicolas-le-Vieux 9–11",Carouge Rue Saint-Nicolas-le-Vieux 9–11 SO 2021 1965 2013 PR 1 364 no 3 252 3 2 16 22 10 53 750 1.4 0.3 3.68/2.65,SO,2021,1965,Carouge Rue Saint-Nicolas-le-Vieux 9–11,3252,3,2,16,22,10,53,750,1.4,0.3,3.68/2.65,1364,NA,NA,NA,NA,Carouge,Rue Daniel-Gevril 10,"Rue Daniel-Gevril 10, Carouge, Switzerland",46.1829263,6.1473236,NA
ALLN_R_023,ALLN,Allreal Holding AG,Residential,2025-12-31,Geneva,Rue Jean-Jaquet 3,"Geneva, Rue Jean-Jaquet 3",Geneva Rue Jean-Jaquet 3 SO 2021 1936 2015 PR 252 no 635 1 8 2 3 – 14 201 0.4 0.7 3.63/2.60,SO,2021,1936,Geneva Rue Jean-Jaquet 3,635,1,8,2,3,NA,14,201,0.4,0.7,3.63/2.60,252,NA,NA,NA,NA,Geneva,Rue Jean-Jaquet 3,"Rue Jean-Jaquet 3, Geneva, Switzerland",46.2120979,6.1507838,NA
ALLN_R_024,ALLN,Allreal Holding AG,Residential,2025-12-31,Geneva,Rue de Zurich 1,"Geneva, Rue de Zurich 1",Geneva Rue de Zurich 1 SO 2021 1936 2018 TR 203 no 849 1 6 11 – – 18 147 0.3 0.0 3.63/2.60,SO,2021,1936,Geneva Rue de Zurich 1,849,1,6,11,NA,NA,18,147,0.3,0,3.63/2.60,203,NA,NA,NA,NA,Geneva,Rue de Zurich 1,"Rue de Zurich 1, Geneva, Switzerland",46.2110539,6.148742,NA
ALLN_R_025,ALLN,Allreal Holding AG,Residential,2025-12-31,Geneva,Rue de Zurich 3,"Geneva, Rue de Zurich 3",Geneva Rue de Zurich 3 SO 2021 1910 2021 PR 282 no 858 – 7 7 3 – 17 – 0.4 0.0 3.63/2.60,SO,2021,1910,Geneva Rue de Zurich 3,858,NA,7,7,3,NA,17,NA,0.4,0,3.63/2.60,282,NA,NA,NA,NA,Geneva,Rue de Zurich 3,"Rue de Zurich 3, Geneva, Switzerland",46.2111445,6.1485451,NA
ALLN_R_026,ALLN,Allreal Holding AG,Residential,2025-12-31,Geneva,Rue de Zurich 3A/5/,"Geneva, Rue de Zurich 3A/5/",Geneva Rue de Zurich 3A/5/7 SO 2021 1952 2020 PR 1 154 no 2 609 2 25 21 1 7 56 1 1.2 2.0 3.63/2.60,SO,2021,1952,Geneva Rue de Zurich 3A/5/7,2609,2,25,21,1,7,56,1,1.2,2,3.63/2.60,1154,NA,NA,NA,NA,Geneva,Rue de Zurich 3A,"Rue de Zurich 3A, Geneva, Switzerland",46.2109838,6.148495,NA
ALLN_R_027,ALLN,Allreal Holding AG,Residential,2025-12-31,Geneva,Rue du Grand-Pré 57,"Geneva, Rue du Grand-Pré 57",Geneva Rue du Grand-Pré 57 SO 2021 1960 2020 PR 457 no 1 167 – – 19 – – 19 98 0.3 1.6 3.58/2.55,SO,2021,1960,Geneva Rue du Grand-Pré 57,1167,NA,NA,19,NA,NA,19,98,0.3,1.6,3.58/2.55,457,NA,NA,NA,NA,Geneva,Rue du Grand-Pré 57,"Rue du Grand-Pré 57, Geneva, Switzerland",46.2153879,6.1319594,NA
ALLN_R_028,ALLN,Allreal Holding AG,Residential,2025-12-31,Geneva,Rue de Vermont 32–40,"Geneva, Rue de Vermont 32–40",Geneva Rue de Vermont 32–40 SO 2021 1960 2020 PR 3 526 no 5 399 6 26 44 16 4 96 51 1.5 3.1 3.58/2.55,SO,2021,1960,Geneva Rue de Vermont 32–40,5399,6,26,44,16,4,96,51,1.5,3.1,3.58/2.55,3526,NA,NA,NA,NA,Geneva,Rue de Vermont 32–40,"Rue de Vermont 32–40, Geneva, Switzerland",46.2182974,6.1370181,NA
ALLN_R_029,ALLN,Allreal Holding AG,Residential,2025-12-31,Geneva,Rue Gustave-Muller-Brun 3,"Geneva, Rue Gustave-Muller-Brun 3",Geneva Rue Gustave-Muller-Brun 3 SO 2021 1937 2014 TR 375 no 1 890 – 7 12 5 2 26 245 0.8 2.0 3.63/2.60,SO,2021,1937,Geneva Rue Gustave-Muller-Brun 3,1890,NA,7,12,5,2,26,245,0.8,2,3.63/2.60,375,NA,NA,NA,NA,Geneva,Rue Gustave-Muller-Brun 3,"Rue Gustave-Muller-Brun 3, Geneva, Switzerland",46.1978929,6.1637389,NA
ALLN_R_030,ALLN,Allreal Holding AG,Residential,2025-12-31,Geneva,Route de Frontenex 51,"Geneva, Route de Frontenex 51",Geneva Route de Frontenex 51 SO 2021 1970 2022 PR 639 no 2 877 7 2 16 10 9 44 591 1.1 0.6 3.58/2.55,SO,2021,1970,Geneva Route de Frontenex 51,2877,7,2,16,10,9,44,591,1.1,0.6,3.58/2.55,639,NA,NA,NA,NA,Geneva,Route de Frontenex 51,"Route de Frontenex 51, Geneva, Switzerland",46.2025321,6.1642909,NA
ALLN_R_031,ALLN,Allreal Holding AG,Residential,2025-12-31,Gland,Chemin du Molard 10 / Allée Leotherius 2 / Allée Louis Cristin 1,"Gland, Chemin du Molard 10 / Allée Leotherius 2 / Allée Louis Cristin 1",Gland Allée Louis Cristin 1 SO 2011 2014 1 173 no Minergie-Eco 4 928 1 21 29 9 5 65 – 1.6 0.3 3.73/2.70,SO,2011,2014,Gland Allée Louis Cristin 1,4928,1,21,29,9,5,65,NA,1.6,0.3,3.73/2.70,1173,NA,NA,NA,NA,Gland,Chemin du Molard 10,"Chemin du Molard 10, Gland, Switzerland",46.4261882,6.2630451,NA
ALLN_R_032,ALLN,Allreal Holding AG,Residential,2025-12-31,Grand-Lancy,Chemin des Semailles 19,"Grand-Lancy, Chemin des Semailles 19",Grand-Lancy Chemin des Semailles 19 SO 2021 2021 225 no Minergie 654 – – 1 9 – 10 – 0.2 0.0 3.53/2.50,SO,2021,2021,Grand-Lancy Chemin des Semailles 19,654,NA,NA,1,9,NA,10,NA,0.2,0,3.53/2.50,225,NA,NA,NA,NA,Grand-Lancy,Chemin des Semailles 19,"Chemin des Semailles 19, Grand-Lancy, Switzerland",46.1773473,6.1200031,NA
ALLN_R_033,ALLN,Allreal Holding AG,Residential,2025-12-31,Meyrin,Chemin de-Joinville 32–345,"Meyrin, Chemin de-Joinville 32–345",Meyrin Chemin de-Joinville 32–345 SO 2021 2021 2 191 no 2 399 – – 11 11 13 35 337 0.9 0.0 3.53/2.50,SO,2021,2021,Meyrin Chemin de-Joinville 32–345,2399,NA,NA,11,11,13,35,337,0.9,0,3.53/2.50,2191,NA,NA,NA,NA,Meyrin,Chemin de-Joinville 32–345,"Chemin de-Joinville 32–345, Meyrin, Switzerland",46.2241955,6.106552,NA
ALLN_R_034,ALLN,Allreal Holding AG,Residential,2025-12-31,Onex,Chemin de la Traille 21/25/356,"Onex, Chemin de la Traille 21/25/356",Onex Chemin de la Traille 21/25/356 SO 2021 1961 2021 PR 842 no 1 977 1 3 3 8 12 27 66 0.6 1.5 3.78/2.75,SO,2021,1961,Onex Chemin de la Traille 21/25/356,1977,1,3,3,8,12,27,66,0.6,1.5,3.78/2.75,842,NA,NA,NA,NA,Onex,Chemin de la Traille 21,"Chemin de la Traille 21, Onex, Switzerland",46.1834496,6.0928164,NA
ALLN_R_035,ALLN,Allreal Holding AG,Residential,2025-12-31,Onex,Route de Loëx 51,"Onex, Route de Loëx 51",Onex Route de Loëx 51 SO 2021 1961 2015 TR 367 no 1 068 – 5 – 8 3 16 – 0.3 0.0 3.78/2.75,SO,2021,1961,Onex Route de Loëx 51,1068,NA,5,NA,8,3,16,NA,0.3,0,3.78/2.75,367,NA,NA,NA,NA,Onex,Route de Loëx 51,"Route de Loëx 51, Onex, Switzerland",46.1840259,6.0913521,NA
ALLN_R_036,ALLN,Allreal Holding AG,Residential,2025-12-31,Petit-Lancy,Avenue du Cimetière,"Petit-Lancy, Avenue du Cimetière",Petit-Lancy Avenue du Cimetière SO 2023 2023 280 no 1 066 – – 5 11 1 17 – 0.4 0.9 3.53/2.50,SO,2023,2023,Petit-Lancy Avenue du Cimetière,1066,NA,NA,5,11,1,17,NA,0.4,0.9,3.53/2.50,280,NA,NA,NA,NA,Petit-Lancy,Avenue du Cimetière,"Avenue du Cimetière, Petit-Lancy, Switzerland",46.1973906,6.118784,NA
ALLN_R_037,ALLN,Allreal Holding AG,Residential,2025-12-31,Petit-Lancy,Chemin des Pâquerettes 20,"Petit-Lancy, Chemin des Pâquerettes 20",Petit-Lancy Chemin des Pâquerettes 20 SO 2021 2017 446 no 1 203 – – 6 1 8 15 3 0.3 0.0 3.58/2.55,SO,2021,2017,Petit-Lancy Chemin des Pâquerettes 20,1203,NA,NA,6,1,8,15,3,0.3,0,3.58/2.55,446,NA,NA,NA,NA,Petit-Lancy,Chemin des Pâquerettes 20,"Chemin des Pâquerettes 20, Petit-Lancy, Switzerland",46.1878686,6.1170451,NA
ALLN_R_038,ALLN,Allreal Holding AG,Residential,2025-12-31,Basel,Efringerstrasse 15,"Basel, Efringerstrasse 15",Basel Efringerstrasse 15 SO 2021 1905 1990 TR 222 no 531 2 10 – – – 12 – 0.1 1.4 3.68/2.65,SO,2021,1905,Basel Efringerstrasse 15,531,2,10,NA,NA,NA,12,NA,0.1,1.4,3.68/2.65,222,NA,NA,NA,NA,Basel,Efringerstrasse 15,"Efringerstrasse 15, Basel, Switzerland",47.5678761,7.5963079,NA
ALLN_C_001,ALLN,Allreal Holding AG,Commercial,2025-12-31,Zurich,Bändliweg 21,"Zurich, Bändliweg 21",Zurich Bändliweg 21 SO 2005 1995 2019 PR 9 254 no 18 640 89.0 6.9 0.0 4.1 5.8 0.0 3.88/2.85,SO,2005,1995,Zurich Bändliweg 21,18640,NA,NA,NA,NA,NA,NA,NA,5.8,0,3.88/2.85,9254,89,6.9,0,4.1,Zurich,Bändliweg 21,"Bändliweg 21, Zurich, Switzerland",47.3945664,8.4846352,NA
ALLN_C_002,ALLN,Allreal Holding AG,Commercial,2025-12-31,Zurich,Bellerivestrasse 30,"Zurich, Bellerivestrasse 30",Zurich Bellerivestrasse 30 SO 2004 1986 2017 TR 2 316 no 3 256 93.2 0.0 0.0 6.8 1.6 0.0 3.63/2.60,SO,2004,1986,Zurich Bellerivestrasse 30,3256,NA,NA,NA,NA,NA,NA,NA,1.6,0,3.63/2.60,2316,93.2,0,0,6.8,Zurich,Bellerivestrasse 30,"Bellerivestrasse 30, Zurich, Switzerland",47.3582629,8.5496342,NA
ALLN_C_003,ALLN,Allreal Holding AG,Commercial,2025-12-31,Zurich,Bellerivestrasse 36,"Zurich, Bellerivestrasse 36",Zurich Bellerivestrasse 36 SO 2004 1974 2023 TR 10 494 no Minergie 11 922 81.7 3.7 0.0 14.7 7.3 1.0 3.42/2.40,SO,2004,1974,Zurich Bellerivestrasse 36,11922,NA,NA,NA,NA,NA,NA,NA,7.3,1,3.42/2.40,10494,81.7,3.7,0,14.7,Zurich,Bellerivestrasse 36,"Bellerivestrasse 36, Zurich, Switzerland",47.3575156,8.5496307,NA
ALLN_C_004,ALLN,Allreal Holding AG,Commercial,2025-12-31,Zurich,Binzmühlestrasse 95–99 / Therese-Giehse-Strasse 1,"Zurich, Binzmühlestrasse 95–99 / Therese-Giehse-Strasse 1",Zurich Binzmühlestrasse 95–99 / Therese-Giehse-Strasse 1 SO 2005 2001 2019 PR 11 712 no 25 715 10.2 40.1 33.0 16.7 7.0 0.9 3.83/2.80,SO,2005,2001,Zurich Binzmühlestrasse 95–99 / Therese-Giehse-Strasse 1,25715,NA,NA,NA,NA,NA,NA,NA,7,0.9,3.83/2.80,11712,10.2,40.1,33,16.7,Zurich,Binzmühlestrasse 95–99,"Binzmühlestrasse 95–99, Zurich, Switzerland",47.4140089,8.5421908,NA
ALLN_C_005,ALLN,Allreal Holding AG,Commercial,2025-12-31,Zurich,Birmensdorferstrasse 108 / Weststrasse 75,"Zurich, Birmensdorferstrasse 108 / Weststrasse 75",Zurich Birmensdorferstrasse 108 / Weststrasse 75 SO 2000 1983 2007/2008 TR 1 254 no 4 853 75.9 2.9 10.4 10.7 1.5 7.6 4.03/3.00,SO,2000,1983,Zurich Birmensdorferstrasse 108 / Weststrasse 75,4853,NA,NA,NA,NA,NA,NA,NA,1.5,7.6,4.03/3.00,1254,75.9,2.9,10.4,10.7,Zurich,Birmensdorferstrasse 108,"Birmensdorferstrasse 108, Zurich, Switzerland",47.3706464,8.5217833,NA
ALLN_C_006,ALLN,Allreal Holding AG,Commercial,2025-12-31,Zurich,Brandschenkestrasse 38/40,"Zurich, Brandschenkestrasse 38/40",Zurich Brandschenkestrasse 38/40 SO 2001 1992 2013 PR 1 402 no 4 965 44.0 0.0 25.2 30.8 1.9 2.6 4.03/3.00,SO,2001,1992,Zurich Brandschenkestrasse 38/40,4965,NA,NA,NA,NA,NA,NA,NA,1.9,2.6,4.03/3.00,1402,44,0,25.2,30.8,Zurich,Brandschenkestrasse 38,"Brandschenkestrasse 38, Zurich, Switzerland",47.368746,8.5310358,NA
ALLN_C_007,ALLN,Allreal Holding AG,Commercial,2025-12-31,Zurich,Förrlibuckstrasse 109 (Toni-Areal),"Zurich, Förrlibuckstrasse 109 (Toni-Areal)",Zurich Förrlibuckstrasse 109 (Toni-Areal) SO 2007 1977/2014 24 477 no Minergie 86 570 82.0 0.0 11.4 6.6 22.1 0.2 4.08/3.05,SO,2007,1977/2014,Zurich Förrlibuckstrasse 109 (Toni-Areal),86570,NA,NA,NA,NA,NA,NA,NA,22.1,0.2,4.08/3.05,24477,82,0,11.4,6.6,Zurich,Förrlibuckstrasse 109,"Förrlibuckstrasse 109, Zurich, Switzerland",47.3916891,8.5118095,NA
ALLN_C_008,ALLN,Allreal Holding AG,Commercial,2025-12-31,Zurich,Hardstrasse 299/301,"Zurich, Hardstrasse 299/301",Zurich Hardstrasse 299/301 SO 2002 2020 1 988 no Minergie-Eco 6 090 86.7 0.8 0.0 12.5 2.5 0.1 3.83/2.80,SO,2002,2020,Zurich Hardstrasse 299/301,6090,NA,NA,NA,NA,NA,NA,NA,2.5,0.1,3.83/2.80,1988,86.7,0.8,0,12.5,Zurich,Hardstrasse 299,"Hardstrasse 299, Zurich, Switzerland",47.3892229,8.5207258,NA
ALLN_C_009,ALLN,Allreal Holding AG,Commercial,2025-12-31,Zurich,Hardstrasse 319 (Escher-Wyss-Areal),"Zurich, Hardstrasse 319 (Escher-Wyss-Areal)",Zurich Hardstrasse 319 (Escher-Wyss-Areal) SO 2002 1945/2010 2019/2021 PR 38 362 yes 47 882 31.9 1.8 0.0 66.2 8.9 0.0 4.83/3.79,SO,2002,1945/2010,Zurich Hardstrasse 319 (Escher-Wyss-Areal),47882,NA,NA,NA,NA,NA,NA,NA,8.9,0,4.83/3.79,38362,31.9,1.8,0,66.2,Zurich,Hardstrasse 319,"Hardstrasse 319, Zurich, Switzerland",47.3904105,8.5215072,NA
ALLN_C_010,ALLN,Allreal Holding AG,Commercial,2025-12-31,Zurich,Herostrasse 12,"Zurich, Herostrasse 12",Zurich Herostrasse 12 SO 2002 2014 4 027 no Minergie 11 287 95.5 0.0 0.0 4.5 3.9 0.0 3.88/2.85,SO,2002,2014,Zurich Herostrasse 12,11287,NA,NA,NA,NA,NA,NA,NA,3.9,0,3.88/2.85,4027,95.5,0,0,4.5,Zurich,Herostrasse 12,"Herostrasse 12, Zurich, Switzerland",47.3939824,8.4859776,NA
ALLN_C_011,ALLN,Allreal Holding AG,Commercial,2025-12-31,Zurich,Hohlstrasse 600,"Zurich, Hohlstrasse 600",Zurich Hohlstrasse 600 SO 2001 1986 2006/2012 TR 2 894 no 10 302 70.1 4.7 0.0 25.2 4.2 1.2 3.93/2.90,SO,2001,1986,Zurich Hohlstrasse 600,10302,NA,NA,NA,NA,NA,NA,NA,4.2,1.2,3.93/2.90,2894,70.1,4.7,0,25.2,Zurich,Hohlstrasse 600,"Hohlstrasse 600, Zurich, Switzerland",47.3914824,8.4874575,NA
ALLN_C_012,ALLN,Allreal Holding AG,Commercial,2025-12-31,Zurich,Kalchbühlstrasse 22/24,"Zurich, Kalchbühlstrasse 22/24",Zurich Kalchbühlstrasse 22/24 SO 2000 1976 2014/2015 TR 3 101 no 4 791 72.4 0.0 7.8 19.8 1.4 0.1 4.23/3.20,SO,2000,1976,Zurich Kalchbühlstrasse 22/24,4791,NA,NA,NA,NA,NA,NA,NA,1.4,0.1,4.23/3.20,3101,72.4,0,7.8,19.8,Zurich,Kalchbühlstrasse 22,"Kalchbühlstrasse 22, Zurich, Switzerland",47.3402278,8.5312592,NA
ALLN_C_013,ALLN,Allreal Holding AG,Commercial,2025-12-31,Zurich,Kreuzstrasse 5,"Zurich, Kreuzstrasse 5",Zurich Kreuzstrasse 5 LO 2004 2006 2 279 no 1 628 95.7 0.0 0.0 4.3 1.1 0.0 3.68/2.65,LO,2004,2006,Zurich Kreuzstrasse 5,1628,NA,NA,NA,NA,NA,NA,NA,1.1,0,3.68/2.65,2279,95.7,0,0,4.3,Zurich,Kreuzstrasse 5,"Kreuzstrasse 5, Zurich, Switzerland",47.3627649,8.5479123,NA
ALLN_C_014,ALLN,Allreal Holding AG,Commercial,2025-12-31,Zurich,Schiffbaustrasse 2,"Zurich, Schiffbaustrasse 2",Zurich Schiffbaustrasse 2 SO 2002 2017 7 610 yes Minergie 13 171 81.5 5.7 0.0 12.8 5.1 0.0 3.93/2.90,SO,2002,2017,Zurich Schiffbaustrasse 2,13171,NA,NA,NA,NA,NA,NA,NA,5.1,0,3.93/2.90,7610,81.5,5.7,0,12.8,Zurich,Schiffbaustrasse 2,"Schiffbaustrasse 2, Zurich, Switzerland",47.3890738,8.5199092,NA
ALLN_C_015,ALLN,Allreal Holding AG,Commercial,2025-12-31,Zurich,Vulkanstrasse 106,"Zurich, Vulkanstrasse 106",Zurich Vulkanstrasse 106 SO 2002 2005 12 295 no Minergie 32 741 94.6 2.4 0.0 2.9 11.1 3.4 3.88/2.85,SO,2002,2005,Zurich Vulkanstrasse 106,32741,NA,NA,NA,NA,NA,NA,NA,11.1,3.4,3.88/2.85,12295,94.6,2.4,0,2.9,Zurich,Vulkanstrasse 106,"Vulkanstrasse 106, Zurich, Switzerland",47.3933306,8.4857768,NA
ALLN_C_016,ALLN,Allreal Holding AG,Commercial,2025-12-31,Zurich,Weststrasse 74,"Zurich, Weststrasse 74",Zurich Weststrasse 74 SO 1996 1995 1 482 no 3 274 22.5 7.8 55.3 14.4 0.9 0.3 3.63/2.60,SO,1996,1995,Zurich Weststrasse 74,3274,NA,NA,NA,NA,NA,NA,NA,0.9,0.3,3.63/2.60,1482,22.5,7.8,55.3,14.4,Zurich,Weststrasse 74,"Weststrasse 74, Zurich, Switzerland",47.3712144,8.5217722,NA
ALLN_C_017,ALLN,Allreal Holding AG,Commercial,2025-12-31,Zurich,Zollikerstrasse 183,"Zurich, Zollikerstrasse 183",Zurich Zollikerstrasse 183 SO 2008 1984 2024–2025 PR 3 371 no 2 776 81.8 0.0 0.0 18.2 1.1 0.0 4.28/3.25,SO,2008,1984,Zurich Zollikerstrasse 183,2776,NA,NA,NA,NA,NA,NA,NA,1.1,0,4.28/3.25,3371,81.8,0,0,18.2,Zurich,Zollikerstrasse 183,"Zollikerstrasse 183, Zurich, Switzerland",47.353082,8.5625419,NA
ALLN_C_018,ALLN,Allreal Holding AG,Commercial,2025-12-31,Zurich,Zollstrasse / Josefstrasse 23–29 / Klingenstrasse 4,"Zurich, Zollstrasse / Josefstrasse 23–29 / Klingenstrasse 4",Zurich Zollstrasse / Josefstrasse 23–29 / Klingenstrasse 4 SO 1993/2006 1997 2021 PR 4 201 no 11 586 45.3 11.8 27.6 15.3 4.5 1.0 3.68/2.65,SO,1993/2006,1997,Zurich Zollstrasse / Josefstrasse 23–29 / Klingenstrasse 4,11586,NA,NA,NA,NA,NA,NA,NA,4.5,1,3.68/2.65,4201,45.3,11.8,27.6,15.3,Zurich,Zollstrasse,"Zollstrasse, Zurich, Switzerland",47.3815861,8.5303381,NA
ALLN_C_019,ALLN,Allreal Holding AG,Commercial,2025-12-31,Adliswil,Soodmattenstrasse 2/4/68,"Adliswil, Soodmattenstrasse 2/4/68",Adliswil Soodmattenstrasse 2/4/68 SO 2017 1989/1990 2025 PR 14 791 no 23 995 75.9 5.2 1.0 18.0 5.3 0.0 4.43/3.40,SO,2017,1989/1990,Adliswil Soodmattenstrasse 2/4/68,23995,NA,NA,NA,NA,NA,NA,NA,5.3,0,4.43/3.40,14791,75.9,5.2,1,18,Adliswil,Soodmattenstrasse 2,"Soodmattenstrasse 2, Adliswil, Switzerland",47.3197312,8.5231118,NA
ALLN_C_020,ALLN,Allreal Holding AG,Commercial,2025-12-31,Dübendorf,Sonnentalstrasse 8,"Dübendorf, Sonnentalstrasse 8",Dübendorf Sonnentalstrasse 8 SO 2015 1974 2006 PR 16 621 no 26 006 25.9 1.6 0.0 72.5 2.7 0.0 4.59/3.55,SO,2015,1974,Dübendorf Sonnentalstrasse 8,26006,NA,NA,NA,NA,NA,NA,NA,2.7,0,4.59/3.55,16621,25.9,1.6,0,72.5,Dübendorf,Sonnentalstrasse 8,"Sonnentalstrasse 8, Dübendorf, Switzerland",47.3983882,8.602172,NA
ALLN_C_021,ALLN,Allreal Holding AG,Commercial,2025-12-31,Kloten,Schaffhauserstrasse 115/121,"Kloten, Schaffhauserstrasse 115/121",Kloten Schaffhauserstrasse 115/121 SO 2001 1992 2021 PR 4 000 no 4 265 67.7 4.0 0.0 28.3 1.0 20.5 4.54/3.50,SO,2001,1992,Kloten Schaffhauserstrasse 115/121,4265,NA,NA,NA,NA,NA,NA,NA,1,20.5,4.54/3.50,4000,67.7,4,0,28.3,Kloten,Schaffhauserstrasse 115,"Schaffhauserstrasse 115, Kloten, Switzerland",47.4499355,8.5816094,NA
ALLN_C_022,ALLN,Allreal Holding AG,Commercial,2025-12-31,Opfikon,Boulevard Lilienthal 2–8,"Opfikon, Boulevard Lilienthal 2–8",Opfikon Boulevard Lilienthal 2–8 SO 2007 2014 5 167 no Minergie 13 384 89.2 4.0 0.0 6.8 3.9 4.4 4.18/3.15,SO,2007,2014,Opfikon Boulevard Lilienthal 2–8,13384,NA,NA,NA,NA,NA,NA,NA,3.9,4.4,4.18/3.15,5167,89.2,4,0,6.8,Opfikon,Boulevard Lilienthal 2–8,"Boulevard Lilienthal 2–8, Opfikon, Switzerland",47.4210586,8.5596904,NA
ALLN_C_023,ALLN,Allreal Holding AG,Commercial,2025-12-31,Opfikon,Lindbergh-Allee 15,"Opfikon, Lindbergh-Allee 15",Opfikon Lindbergh-Allee 15 SO 1987 2007 5 241 no Minergie 13 581 87.4 4.0 0.0 8.6 3.8 0.6 4.14/3.11,SO,1987,2007,Opfikon Lindbergh-Allee 15,13581,NA,NA,NA,NA,NA,NA,NA,3.8,0.6,4.14/3.11,5241,87.4,4,0,8.6,Opfikon,Lindbergh-Allee 15,"Lindbergh-Allee 15, Opfikon, Switzerland",47.4237602,8.5629697,NA
ALLN_C_024,ALLN,Allreal Holding AG,Commercial,2025-12-31,Schlieren,Bernstrasse 55,"Schlieren, Bernstrasse 55",Schlieren Bernstrasse 55 SO 2003 2003 6 775 no 7 871 83.3 8.5 0.0 8.2 2.2 3.3 4.69/3.65,SO,2003,2003,Schlieren Bernstrasse 55,7871,NA,NA,NA,NA,NA,NA,NA,2.2,3.3,4.69/3.65,6775,83.3,8.5,0,8.2,Schlieren,Bernstrasse 55,"Bernstrasse 55, Schlieren, Switzerland",47.4016852,8.4412301,NA
ALLN_C_025,ALLN,Allreal Holding AG,Commercial,2025-12-31,Schlieren,Zürcherstrasse 104,"Schlieren, Zürcherstrasse 104",Schlieren Zürcherstrasse 104 SO 2002 1988 2012 TR 4 724 no 3 846 26.9 29.6 0.0 43.3 0.9 1.0 4.54/3.50,SO,2002,1988,Schlieren Zürcherstrasse 104,3846,NA,NA,NA,NA,NA,NA,NA,0.9,1,4.54/3.50,4724,26.9,29.6,0,43.3,Schlieren,Zürcherstrasse 104,"Zürcherstrasse 104, Schlieren, Switzerland",47.3969585,8.4620125,NA
ALLN_C_026,ALLN,Allreal Holding AG,Commercial,2025-12-31,Wallisellen,Bürogebäude Allianz6,"Wallisellen, Bürogebäude Allianz6",Wallisellen Bürogebäude Allianz6 SO 2002 2013 13 078 no Minergie 50 012 82.1 6.1 0.0 11.8 12.6 13.1 4.41/3.38,SO,2002,2013,Wallisellen Bürogebäude Allianz6,50012,NA,NA,NA,NA,NA,NA,NA,12.6,13.1,4.41/3.38,13078,82.1,6.1,0,11.8,Wallisellen,Bürogebäude Allianz6,"Bürogebäude Allianz6, Wallisellen, Switzerland",47.4100964,8.5952909,"Richtiplatz, Wallisellen, Switzerland"
ALLN_C_027,ALLN,Allreal Holding AG,Commercial,2025-12-31,Wallisellen,Bürogebäude Richtiring7,"Wallisellen, Bürogebäude Richtiring7",Wallisellen Bürogebäude Richtiring7 SO 2002 2014 16 875 no Minergie 26 173 78.2 14.0 0.0 7.8 8.0 17.0 4.33/3.30,SO,2002,2014,Wallisellen Bürogebäude Richtiring7,26173,NA,NA,NA,NA,NA,NA,NA,8,17,4.33/3.30,16875,78.2,14,0,7.8,Wallisellen,Bürogebäude Richtiring7,"Bürogebäude Richtiring7, Wallisellen, Switzerland",47.411145,8.5960445,"Richtiring, Wallisellen, Switzerland"
ALLN_C_028,ALLN,Allreal Holding AG,Commercial,2025-12-31,Wetzikon,Binzstrasse 32,"Wetzikon, Binzstrasse 32",Wetzikon Binzstrasse 32 SO 2020 2009 10 368 yes 16 235 52.1 0.0 0.0 47.9 3.1 0.0 4.18/3.15,SO,2020,2009,Wetzikon Binzstrasse 32,16235,NA,NA,NA,NA,NA,NA,NA,3.1,0,4.18/3.15,10368,52.1,0,0,47.9,Wetzikon,Binzstrasse 32,"Binzstrasse 32, Wetzikon, Switzerland",47.330463,8.8001166,NA
ALLN_C_029,ALLN,Allreal Holding AG,Commercial,2025-12-31,Winterthur,Schützenstrasse 1+3 / Zürcherstrasse 12+149,"Winterthur, Schützenstrasse 1+3 / Zürcherstrasse 12+149",Winterthur Schützenstrasse 1+3 / Zürcherstrasse 12+149 SO 2002 1928/53/86 2025 PR 18 386 no 24 995 78.1 0.0 0.0 21.9 5.6 1.4 3.99/2.96,SO,2002,1928/53/86,Winterthur Schützenstrasse 1+3 / Zürcherstrasse 12+149,24995,NA,NA,NA,NA,NA,NA,NA,5.6,1.4,3.99/2.96,18386,78.1,0,0,21.9,Winterthur,Schützenstrasse 1+3,"Schützenstrasse 1+3, Winterthur, Switzerland",47.5059775,8.7202222,NA
ALLN_C_030,ALLN,Allreal Holding AG,Commercial,2025-12-31,Aïre,Chemin de la Verseuse 3,"Aïre, Chemin de la Verseuse 3",Aïre Chemin de la Verseuse 3 SO 2021 1986 2019 PR 4 442 no 3 205 0.0 0.0 0.0 100.0 0.8 0.0 5.04/4.00,SO,2021,1986,Aïre Chemin de la Verseuse 3,3205,NA,NA,NA,NA,NA,NA,NA,0.8,0,5.04/4.00,4442,0,0,0,100,Aïre,Chemin de la Verseuse 3,"Chemin de la Verseuse 3, Aïre, Switzerland",46.1954262,6.0948738,NA
ALLN_C_031,ALLN,Allreal Holding AG,Commercial,2025-12-31,Le Grand-Saconnex,Route François-Peyrot 10–14,"Le Grand-Saconnex, Route François-Peyrot 10–14",Le Grand-Saconnex Route François-Peyrot 10–14 SO 2011 2004 8 442 no 5 343 92.0 0.0 0.0 8.0 2.6 30.9 4.64/3.60,SO,2011,2004,Le Grand-Saconnex Route François-Peyrot 10–14,5343,NA,NA,NA,NA,NA,NA,NA,2.6,30.9,4.64/3.60,8442,92,0,0,8,Le Grand-Saconnex,Route François-Peyrot 10–14,"Route François-Peyrot 10–14, Le Grand-Saconnex, Switzerland",46.2330984,6.1139627,NA
ALLN_C_032,ALLN,Allreal Holding AG,Commercial,2025-12-31,Nyon,Avenue Perdtemps 23,"Nyon, Avenue Perdtemps 23",Nyon Avenue Perdtemps 23 SO 2017 2006 6 451 no 12 569 76.8 5.5 0.0 17.7 4.1 12.3 4.69/3.65,SO,2017,2006,Nyon Avenue Perdtemps 23,12569,NA,NA,NA,NA,NA,NA,NA,4.1,12.3,4.69/3.65,6451,76.8,5.5,0,17.7,Nyon,Avenue Perdtemps 23,"Avenue Perdtemps 23, Nyon, Switzerland",46.3858487,6.2396342,NA
ALLN_C_033,ALLN,Allreal Holding AG,Commercial,2025-12-31,Petit-Lancy,Chemin des Olliquettes 4,"Petit-Lancy, Chemin des Olliquettes 4",Petit-Lancy Chemin des Olliquettes 4 SO 2008 2010 963 no Minergie 3 668 95.0 0.0 0.0 5.0 1.7 0.0 4.38/3.35,SO,2008,2010,Petit-Lancy Chemin des Olliquettes 4,3668,NA,NA,NA,NA,NA,NA,NA,1.7,0,4.38/3.35,963,95,0,0,5,Petit-Lancy,Chemin des Olliquettes 4,"Chemin des Olliquettes 4, Petit-Lancy, Switzerland",46.1877483,6.1154025,NA
ALLN_C_034,ALLN,Allreal Holding AG,Commercial,2025-12-31,Plan-les-Ouates,Route de Saint-Julien 198 (Ch. du Pré-Fleuri 15),"Plan-les-Ouates, Route de Saint-Julien 198 (Ch. du Pré-Fleuri 15)",Plan-les-Ouates Route de Saint-Julien 198 (Ch. du Pré-Fleuri 15) SO 2021 2018 2022 PR 11 271 no Minergie 10 005 53.2 10.6 0.0 36.2 2.2 0.0 4.33/3.30,SO,2021,2018,Plan-les-Ouates Route de Saint-Julien 198 (Ch. du Pré-Fleuri 15),10005,NA,NA,NA,NA,NA,NA,NA,2.2,0,4.33/3.30,11271,53.2,10.6,0,36.2,Plan-les-Ouates,Route de Saint-Julien 198,"Route de Saint-Julien 198, Plan-les-Ouates, Switzerland",46.1598451,6.099928,NA
ALLN_C_035,ALLN,Allreal Holding AG,Commercial,2025-12-31,Basel,Viaduktstrasse 40–44 / Binningerstrasse 35,"Basel, Viaduktstrasse 40–44 / Binningerstrasse 35",Basel Viaduktstrasse 40–44 / Binningerstrasse 35 SO 2009 1998 5 454 no 20 118 63.6 0.0 0.0 36.4 5.2 5.8 3.98/2.95,SO,2009,1998,Basel Viaduktstrasse 40–44 / Binningerstrasse 35,20118,NA,NA,NA,NA,NA,NA,NA,5.2,5.8,3.98/2.95,5454,63.6,0,0,36.4,Basel,Viaduktstrasse 40–44,"Viaduktstrasse 40–44, Basel, Switzerland",47.5497262,7.583272,NA
ALLN_C_036,ALLN,Allreal Holding AG,Commercial,2025-12-31,Bern,Freiburgstrasse 130,"Bern, Freiburgstrasse 130",Bern Freiburgstrasse 130 LO 2018 1999 2025 TR 7 323 no 18 486 87.5 2.9 0.0 9.6 2.3 37.6 4.59/3.55,LO,2018,1999,Bern Freiburgstrasse 130,18486,NA,NA,NA,NA,NA,NA,NA,2.3,37.6,4.59/3.55,7323,87.5,2.9,0,9.6,Bern,Freiburgstrasse 130,"Freiburgstrasse 130, Bern, Switzerland",46.9438083,7.4072005,NA
