property_id,ticker,company,report_date,report_property,address,city,full_address,latitude,longitude,year_construction,land_area_m2,office_area_m2,retail_area_m2,gastronomy_area_m2,other_area_m2,rentable_area_m2,office_pct,retail_pct,gastronomy_pct,other_pct,source_url,scrape_date,match_key
PSPN_073,PSPN,PSP Swiss Property AG,2025-12-31,"Zürich, Alfred Escher-Strasse 17",Alfred Escher-Strasse 17,Zürich,"Alfred Escher-Strasse 17, Zürich, Switzerland",47.3645827,8.5331708,1907,275,950,0,0,47,997,95.28585757271816,0,0,4.714142427281845,NA,2026-08-26,zurich alfred escher strasse 17
PSPN_074,PSPN,PSP Swiss Property AG,2025-12-31,"Zürich, Augustinergasse 25",Augustinergasse 25,Zürich,"Augustinergasse 25, Zürich, Switzerland",47.3721894,8.5388153,1850,236,255,0,327,157,739,34.50608930987821,0,44.2489851150203,21.24492557510149,NA,2026-08-26,zurich augustinergasse 25
PSPN_075,PSPN,PSP Swiss Property AG,2025-12-31,"Zürich, Bahnhofplatz 1, 2 / Bahnhofquai 9, 11, 15","Bahnhofplatz 1, 2 / Bahnhofquai 9, 11, 15",Zürich,"Bahnhofplatz 1, 2 / Bahnhofquai 9, 11, 15, Zürich, Switzerland",47.3767867,8.5412647,1894|95|99,2014,6783,1020,307,1053,9163,74.02597402597402,11.131725417439704,3.3504310815235185,11.491869475062753,NA,2026-08-26,zurich bahnhofplatz 1 2 bahnhofquai 9 11 15
PSPN_076,PSPN,PSP Swiss Property AG,2025-12-31,"Zürich, Bahnhofplatz 9",Bahnhofplatz 9,Zürich,"Bahnhofplatz 9, Zürich, Switzerland",47.3771053,8.5388908,1933,998,2425,2011,0,26,4462,54.34782608695652,45.0694755714926,0,0.5826983415508741,NA,2026-08-26,zurich bahnhofplatz 9
PSPN_077,PSPN,PSP Swiss Property AG,2025-12-31,"Zürich, Bahnhofstrasse 10 / Börsenstrasse 18",Bahnhofstrasse 10 / Börsenstrasse 18,Zürich,"Bahnhofstrasse 10 / Börsenstrasse 18, Zürich, Switzerland",47.3681254,8.5400375,1885,344,646,844,0,0,1490,43.355704697986575,56.644295302013425,0,0,NA,2026-08-26,zurich bahnhofstrasse 10 borsenstrasse 18
PSPN_078,PSPN,PSP Swiss Property AG,2025-12-31,"Zürich, Bahnhofstrasse 28a/Waaggasse 6",Bahnhofstrasse 28a / Waaggasse 6,Zürich,"Bahnhofstrasse 28a / Waaggasse 6, Zürich, Switzerland",47.3702197,8.5397027,1812,763,1894,649,419,262,3224,58.7468982630273,20.1302729528536,12.996277915632755,8.126550868486353,NA,2026-08-26,zurich bahnhofstrasse 28a waaggasse 6
PSPN_079,PSPN,PSP Swiss Property AG,2025-12-31,"Zürich, Bahnhofstrasse 39",Bahnhofstrasse 39,Zürich,"Bahnhofstrasse 39, Zürich, Switzerland",47.3715237,8.5382565,1911,1093,1750,1804,0,0,3554,49.24029262802476,50.75970737197524,0,0,NA,2026-08-26,zurich bahnhofstrasse 39
PSPN_080,PSPN,PSP Swiss Property AG,2025-12-31,"Zürich, Bahnhofstrasse 66",Bahnhofstrasse 66,Zürich,"Bahnhofstrasse 66, Zürich, Switzerland",47.3737699,8.5386362,1967,627,0,4868,0,0,4868,0,100,0,0,NA,2026-08-26,zurich bahnhofstrasse 66
PSPN_081,PSPN,PSP Swiss Property AG,2025-12-31,"Zürich, Bahnhofstrasse 81 / Schweizergasse 2, 4","Bahnhofstrasse 81 / Schweizergasse 2, 4",Zürich,"Bahnhofstrasse 81 / Schweizergasse 2, 4, Zürich, Switzerland",47.3759089,8.539182,1931,355,717,1370,0,286,2373,30.214917825537295,57.73282764433207,0,12.052254530130636,NA,2026-08-26,zurich bahnhofstrasse 81 schweizergasse 2 4
PSPN_082,PSPN,PSP Swiss Property AG,2025-12-31,"Zürich, Binzring 15, 17","Binzring 15, 17",Zürich,"Binzring 15, 17, Zürich, Switzerland",47.3616528,8.5092559,1992,33878,35680,0,0,5935,41615,85.73831551123394,0,0,14.26168448876607,NA,2026-08-26,zurich binzring 15 17
PSPN_083,PSPN,PSP Swiss Property AG,2025-12-31,"Zürich, Bleicherweg 10 /Schanzengraben 7",Bleicherweg 10 / Schanzengraben 7,Zürich,"Bleicherweg 10 / Schanzengraben 7, Zürich, Switzerland",47.3685649,8.536928,1930|76,1155,3293,341,0,418,4052,81.2685093780849,8.415597235932873,0,10.31589338598223,NA,2026-08-26,zurich bleicherweg 10 schanzengraben 7
PSPN_084,PSPN,PSP Swiss Property AG,2025-12-31,"Zürich, Bleicherweg 14",Bleicherweg 14,Zürich,"Bleicherweg 14, Zürich, Switzerland",47.368462,8.5358682,1857,398,489,0,0,0,489,100,0,0,0,NA,2026-08-26,zurich bleicherweg 14
PSPN_085,PSPN,PSP Swiss Property AG,2025-12-31,"Zürich, Brandschenkestrasse 70",Brandschenkestrasse 70,Zürich,"Brandschenkestrasse 70, Zürich, Switzerland",47.367369,8.5280219,1924,298,0,0,0,0,0,NA,NA,NA,NA,NA,2026-08-26,zurich brandschenkestrasse 70
PSPN_086,PSPN,PSP Swiss Property AG,2025-12-31,"Zürich, Brandschenkestrasse 72",Brandschenkestrasse 72,Zürich,"Brandschenkestrasse 72, Zürich, Switzerland",47.3672297,8.5274838,2003,247,NA,NA,0,0,NA,NA,NA,NA,NA,NA,2026-08-26,zurich brandschenkestrasse 72
PSPN_087,PSPN,PSP Swiss Property AG,2025-12-31,"Zürich, Brandschenkestrasse 80, 82, 84","Brandschenkestrasse 80, 82, 84",Zürich,"Brandschenkestrasse 80, 82, 84, Zürich, Switzerland",47.3665627,8.5262175,2005,7384,0,0,0,13072,13072,0,0,0,100,NA,2026-08-26,zurich brandschenkestrasse 80 82 84
PSPN_088,PSPN,PSP Swiss Property AG,2025-12-31,"Zürich, Brandschenkestrasse 90",Brandschenkestrasse 90,Zürich,"Brandschenkestrasse 90, Zürich, Switzerland",47.3657862,8.5264192,2003,12770,11686,0,0,158,11844,98.66599121918271,0,0,1.3340087808172914,NA,2026-08-26,zurich brandschenkestrasse 90
PSPN_089,PSPN,PSP Swiss Property AG,2025-12-31,"Zürich, Brandschenkestrasse 100",Brandschenkestrasse 100,Zürich,"Brandschenkestrasse 100, Zürich, Switzerland",47.3655261,8.5253399,2003,5139,8522,0,0,1134,9656,88.25600662800332,0,0,11.743993371996686,NA,2026-08-26,zurich brandschenkestrasse 100
PSPN_090,PSPN,PSP Swiss Property AG,2025-12-31,"Zürich, Brandschenkestrasse 110",Brandschenkestrasse 110,Zürich,"Brandschenkestrasse 110, Zürich, Switzerland",47.3656492,8.5248522,2007,5860,15984,0,0,0,15984,100,0,0,0,NA,2026-08-26,zurich brandschenkestrasse 110
PSPN_091,PSPN,PSP Swiss Property AG,2025-12-31,"Zürich, Brandschenkestrasse 130, 132","Brandschenkestrasse 130, 132",Zürich,"Brandschenkestrasse 130, 132, Zürich, Switzerland",47.3647177,8.525609,1877|82,3605,1254,808,641,0,2703,46.392896781354054,29.892711801701815,23.714391416944135,0,NA,2026-08-26,zurich brandschenkestrasse 130 132
PSPN_092,PSPN,PSP Swiss Property AG,2025-12-31,"Zürich, Brandschenkestrasse 150",Brandschenkestrasse 150,Zürich,"Brandschenkestrasse 150, Zürich, Switzerland",47.364738,8.5250587,1882,5926,3519,1067,0,374,4960,70.9475806451613,21.512096774193548,0,7.540322580645161,NA,2026-08-26,zurich brandschenkestrasse 150
PSPN_093,PSPN,PSP Swiss Property AG,2025-12-31,"Zürich, Brandschenkestrasse 152",Brandschenkestrasse 152,Zürich,"Brandschenkestrasse 152, Zürich, Switzerland",47.3645908,8.5244026,1913,5194,0,0,3802,4759,8561,0,0,44.41069968461628,55.58930031538372,NA,2026-08-26,zurich brandschenkestrasse 152
PSPN_094,PSPN,PSP Swiss Property AG,2025-12-31,"Zürich, Brandschenkestrasse 152a",Brandschenkestrasse 152a,Zürich,"Brandschenkestrasse 152a, Zürich, Switzerland",47.3647787,8.5239584,2008,583,2443,0,0,0,2443,100,0,0,0,NA,2026-08-26,zurich brandschenkestrasse 152a
PSPN_095,PSPN,PSP Swiss Property AG,2025-12-31,"Zürich, Brandschenkestrasse 152b",Brandschenkestrasse 152b,Zürich,"Brandschenkestrasse 152b, Zürich, Switzerland",47.364415,8.5240264,1890,818,714,0,0,0,711,100.42194092827005,0,0,0,NA,2026-08-26,zurich brandschenkestrasse 152b
PSPN_096,PSPN,PSP Swiss Property AG,2025-12-31,"Zürich, Dufourstrasse 56",Dufourstrasse 56,Zürich,"Dufourstrasse 56, Zürich, Switzerland",47.3617651,8.5490439,1950,900,2599,292,0,0,2891,89.89968868903493,10.100311310965065,0,0,NA,2026-08-26,zurich dufourstrasse 56
PSPN_097,PSPN,PSP Swiss Property AG,2025-12-31,"Zürich, Förrlibuckstrasse 10",Förrlibuckstrasse 10,Zürich,"Förrlibuckstrasse 10, Zürich, Switzerland",47.3919562,8.5169472,1963,4122,7582,0,0,617,8199,92.4746920356141,0,0,7.525307964385901,NA,2026-08-26,zurich forrlibuckstrasse 10
PSPN_098,PSPN,PSP Swiss Property AG,2025-12-31,"Zürich, Förrlibuckstrasse 60, 62","Förrlibuckstrasse 60, 62",Zürich,"Förrlibuckstrasse 60, 62, Zürich, Switzerland",47.3915936,8.5150567,1989,10382,15695,0,885,7830,24410,64.29741909053666,0,3.625563293732077,32.07701761573126,NA,2026-08-26,zurich forrlibuckstrasse 60 62
PSPN_099,PSPN,PSP Swiss Property AG,2025-12-31,"Zürich, Förrlibuckstrasse 66",Förrlibuckstrasse 66,Zürich,"Förrlibuckstrasse 66, Zürich, Switzerland",47.3918083,8.5145088,1969,2055,5267,0,0,1851,7118,73.99550435515594,0,0,26.004495644844056,NA,2026-08-26,zurich forrlibuckstrasse 66
PSPN_100,PSPN,PSP Swiss Property AG,2025-12-31,"Zürich, Förrlibuckstrasse 110",Förrlibuckstrasse 110,Zürich,"Förrlibuckstrasse 110, Zürich, Switzerland",47.3922823,8.5130326,1962,2963,8772,350,194,1859,11175,78.49664429530202,3.131991051454139,1.7360178970917226,16.635346756152124,NA,2026-08-26,zurich forrlibuckstrasse 110
PSPN_101,PSPN,PSP Swiss Property AG,2025-12-31,"Zürich, Förrlibuckstrasse 151",Förrlibuckstrasse 151,Zürich,"Förrlibuckstrasse 151, Zürich, Switzerland",47.3918728,8.5110639,1975,3495,0,0,0,1800,1800,0,0,0,100,NA,2026-08-26,zurich forrlibuckstrasse 151
PSPN_102,PSPN,PSP Swiss Property AG,2025-12-31,"Zürich, Förrlibuckstrasse 181",Förrlibuckstrasse 181,Zürich,"Förrlibuckstrasse 181, Zürich, Switzerland",47.3914099,8.5108073,2002,1789,4831,0,0,144,4975,97.10552763819095,0,0,2.8944723618090453,NA,2026-08-26,zurich forrlibuckstrasse 181
PSPN_103,PSPN,PSP Swiss Property AG,2025-12-31,"Zürich, Freieckgasse 7",Freieckgasse 7,Zürich,"Freieckgasse 7, Zürich, Switzerland",47.3674376,8.5459546,1700,295,285,89,210,224,808,35.272277227722775,11.014851485148515,25.99009900990099,27.722772277227723,NA,2026-08-26,zurich freieckgasse 7
PSPN_104,PSPN,PSP Swiss Property AG,2025-12-31,"Zürich, Füsslistrasse 6",Füsslistrasse 6,Zürich,"Füsslistrasse 6, Zürich, Switzerland",47.3732227,8.5373598,1925,907,2054,905,0,45,3004,68.37549933422103,30.126498002663116,0,1.4980026631158456,NA,2026-08-26,zurich fusslistrasse 6
PSPN_105,PSPN,PSP Swiss Property AG,2025-12-31,"Zürich, Gartenstrasse 32",Gartenstrasse 32,Zürich,"Gartenstrasse 32, Zürich, Switzerland",47.3681808,8.5322908,1967,694,1693,0,0,0,1693,100,0,0,0,NA,2026-08-26,zurich gartenstrasse 32
PSPN_106,PSPN,PSP Swiss Property AG,2025-12-31,"Zürich, Genferstrasse 23",Genferstrasse 23,Zürich,"Genferstrasse 23, Zürich, Switzerland",47.3649069,8.5340601,1895,343,946,0,0,59,1005,94.12935323383084,0,0,5.870646766169155,NA,2026-08-26,zurich genferstrasse 23
PSPN_107,PSPN,PSP Swiss Property AG,2025-12-31,"Zürich, Gerbergasse 5",Gerbergasse 5,Zürich,"Gerbergasse 5, Zürich, Switzerland",47.3749346,8.5369062,1904,606,1766,784,0,0,2550,69.25490196078431,30.745098039215687,0,0,NA,2026-08-26,zurich gerbergasse 5
PSPN_108,PSPN,PSP Swiss Property AG,2025-12-31,"Zürich, Goethestrasse 24",Goethestrasse 24,Zürich,"Goethestrasse 24, Zürich, Switzerland",47.3661399,8.548438,1874,842,613,181,0,19,813,75.39975399753997,22.263222632226324,0,2.337023370233702,NA,2026-08-26,zurich goethestrasse 24
PSPN_109,PSPN,PSP Swiss Property AG,2025-12-31,"Zürich, Grubenstrasse 6, 8","Grubenstrasse 6, 8",Zürich,"Grubenstrasse 6, 8, Zürich, Switzerland",47.3619101,8.517068,2023,4152,5022,0,0,7447,12469,40.27588419279814,0,0,59.72411580720186,NA,2026-08-26,zurich grubenstrasse 6 8
PSPN_110,PSPN,PSP Swiss Property AG,2025-12-31,"Zürich, Gutenbergstrasse 1, 9","Gutenbergstrasse 1, 9",Zürich,"Gutenbergstrasse 1, 9, Zürich, Switzerland",47.3650635,8.5306298,1969,1488,3597,810,0,4646,9053,39.732685297691376,8.947310283883795,0,51.32000441842483,NA,2026-08-26,zurich gutenbergstrasse 1 9
PSPN_111,PSPN,PSP Swiss Property AG,2025-12-31,"Zürich, Hardturmstrasse 101, 103, 105 / Förrlibuckstrasse 30","Hardturmstrasse 101, 103, 105 / Förrlibuckstrasse 30",Zürich,"Hardturmstrasse 101, 103, 105 / Förrlibuckstrasse 30, Zürich, Switzerland",47.3920696,8.5163847,1992,7567,18001,4936,0,698,23635,76.16247091178337,20.884281785487623,0,2.9532473027290034,NA,2026-08-26,zurich hardturmstrasse 101 103 105 forrlibuckstrasse 30
PSPN_112,PSPN,PSP Swiss Property AG,2025-12-31,"Zürich, Hardturmstrasse 131, 133, 135","Hardturmstrasse 131, 133, 135",Zürich,"Hardturmstrasse 131, 133, 135, Zürich, Switzerland",47.3926341,8.5132777,1982,6236,16751,1624,0,4960,23335,71.78487250910649,6.959502892650525,0,21.25562459824298,NA,2026-08-26,zurich hardturmstrasse 131 133 135
PSPN_113,PSPN,PSP Swiss Property AG,2025-12-31,"Zürich, Hardturmstrasse 161 / Förrlibuckstrasse 150",Hardturmstrasse 161 / Förrlibuckstrasse 150,Zürich,"Hardturmstrasse 161 / Förrlibuckstrasse 150, Zürich, Switzerland",47.3931963,8.5121106,1975,8225,28907,0,280,4441,33628,85.9611038420364,0,0.832639467110741,13.206256690852861,NA,2026-08-26,zurich hardturmstrasse 161 forrlibuckstrasse 150
PSPN_114,PSPN,PSP Swiss Property AG,2025-12-31,"Zürich, Hardturmstrasse 169, 171, 173, 175","Hardturmstrasse 169, 171, 173, 175",Zürich,"Hardturmstrasse 169, 171, 173, 175, Zürich, Switzerland",47.3934491,8.5112014,1952,5189,13257,350,96,4768,18471,71.77196686698068,1.894862216447404,0.519733636511288,25.813437280060636,NA,2026-08-26,zurich hardturmstrasse 169 171 173 175
PSPN_115,PSPN,PSP Swiss Property AG,2025-12-31,"Zürich, Hardturmstrasse 181, 183 /Förrlibuckstrasse 160, 190, 192","Hardturmstrasse 181, 183 / Förrlibuckstrasse 160, 190, 192",Zürich,"Hardturmstrasse 181, 183 / Förrlibuckstrasse 160, 190, 192, Zürich, Switzerland",47.3935102,8.5105213,2021,10557,23586,0,781,116,24483,96.33623330474207,0,3.1899685496058487,0.4737981456520851,NA,2026-08-26,zurich hardturmstrasse 181 183 forrlibuckstrasse 160 190 192
PSPN_116,PSPN,PSP Swiss Property AG,2025-12-31,"Zürich, Hottingerstrasse 10, 12","Hottingerstrasse 10, 12",Zürich,"Hottingerstrasse 10, 12, Zürich, Switzerland",47.3700967,8.5500888,1914|40,1922,3788,0,0,210,3998,94.74737368684342,0,0,5.252626313156578,NA,2026-08-26,zurich hottingerstrasse 10 12
PSPN_117,PSPN,PSP Swiss Property AG,2025-12-31,"Zürich, In Gassen 16",In Gassen 16,Zürich,"In Gassen 16, Zürich, Switzerland",47.3706852,8.5402063,1812,331,0,0,487,618,1105,0,0,44.07239819004525,55.92760180995475,NA,2026-08-26,zurich in gassen 16
PSPN_118,PSPN,PSP Swiss Property AG,2025-12-31,"Zürich, Konradstrasse 1",Konradstrasse 1,Zürich,"Konradstrasse 1, Zürich, Switzerland",47.3797818,8.5371702,1879,343,265,0,190,1162,1617,16.388373531230673,0,11.750154607297464,71.86147186147186,NA,2026-08-26,zurich konradstrasse 1
PSPN_119,PSPN,PSP Swiss Property AG,2025-12-31,"Zürich, Kurvenstrasse 17 / Beckenhofstrasse 26",Kurvenstrasse 17 / Beckenhofstrasse 26,Zürich,"Kurvenstrasse 17 / Beckenhofstrasse 26, Zürich, Switzerland",47.384409,8.5422034,1971,657,1468,0,0,269,1737,84.51352907311457,0,0,15.486470926885435,NA,2026-08-26,zurich kurvenstrasse 17 beckenhofstrasse 26
PSPN_120,PSPN,PSP Swiss Property AG,2025-12-31,"Zürich, Limmatquai 4",Limmatquai 4,Zürich,"Limmatquai 4, Zürich, Switzerland",47.3679385,8.5449894,1837,529,2477,183,189,80,2929,84.56811198361216,6.247866165926937,6.452714236940936,2.7313076135199728,NA,2026-08-26,zurich limmatquai 4
PSPN_121,PSPN,PSP Swiss Property AG,2025-12-31,"Zürich, Limmatquai 144 / Zähringerstrasse 51",Limmatquai 144 / Zähringerstrasse 51,Zürich,"Limmatquai 144 / Zähringerstrasse 51, Zürich, Switzerland",47.376562,8.5440755,1888,429,1471,0,243,366,2080,70.72115384615384,0,11.682692307692308,17.596153846153847,NA,2026-08-26,zurich limmatquai 144 zahringerstrasse 51
PSPN_122,PSPN,PSP Swiss Property AG,2025-12-31,"Zürich, Limmatstrasse 291",Limmatstrasse 291,Zürich,"Limmatstrasse 291, Zürich, Switzerland",47.389044,8.5246267,1985,973,2773,0,0,154,2927,94.73864024598565,0,0,5.261359754014349,NA,2026-08-26,zurich limmatstrasse 291
PSPN_123,PSPN,PSP Swiss Property AG,2025-12-31,"Zürich, Lintheschergasse 10",Lintheschergasse 10,Zürich,"Lintheschergasse 10, Zürich, Switzerland",47.376014,8.538745,1878,184,810,247,0,0,1057,76.63197729422895,23.36802270577105,0,0,NA,2026-08-26,zurich lintheschergasse 10
PSPN_124,PSPN,PSP Swiss Property AG,2025-12-31,"Zürich, Lowenstrasse 22",Löwenstrasse 22,Zürich,"Löwenstrasse 22, Zürich, Switzerland",47.3740869,8.5356686,1964,250,679,198,0,79,956,71.02510460251047,20.711297071129707,0,8.263598326359833,NA,2026-08-26,zurich lowenstrasse 22
PSPN_125,PSPN,PSP Swiss Property AG,2025-12-31,"Zürich, Muhlebachstrasse 2 / Falkenstrasse 30",Mühlebachstrasse 2 / Falkenstrasse 30,Zürich,"Mühlebachstrasse 2 / Falkenstrasse 30, Zürich, Switzerland",47.3659676,8.5488592,1929,681,1677,260,152,567,2656,63.140060240963855,9.789156626506024,5.72289156626506,21.34789156626506,NA,2026-08-26,zurich muhlebachstrasse 2 falkenstrasse 30
PSPN_126,PSPN,PSP Swiss Property AG,2025-12-31,"Zürich, Muhlebachstrasse 6",Mühlebachstrasse 6,Zürich,"Mühlebachstrasse 6, Zürich, Switzerland",47.3657381,8.5491363,1975,622,616,0,0,0,616,100,0,0,0,NA,2026-08-26,zurich muhlebachstrasse 6
PSPN_127,PSPN,PSP Swiss Property AG,2025-12-31,"Zürich, Muhlebachstrasse 32",Mühlebachstrasse 32,Zürich,"Mühlebachstrasse 32, Zürich, Switzerland",47.3644237,8.5505486,1981,536,2079,0,0,55,2134,97.42268041237114,0,0,2.577319587628866,NA,2026-08-26,zurich muhlebachstrasse 32
PSPN_128,PSPN,PSP Swiss Property AG,2025-12-31,"Zürich, Obstgartenstrasse 7",Obstgartenstrasse 7,Zürich,"Obstgartenstrasse 7, Zürich, Switzerland",47.3819607,8.5424478,1958,842,1882,0,0,0,1882,100,0,0,0,NA,2026-08-26,zurich obstgartenstrasse 7
PSPN_129,PSPN,PSP Swiss Property AG,2025-12-31,"Zürich, Pfingstweidstrasse 60, 60b","Pfingstweidstrasse 60, 60b",Zürich,"Pfingstweidstrasse 60, 60b, Zürich, Switzerland",47.3901348,8.5145905,2002,13803,24887,1054,155,955,27051,92.00029573768067,3.8963439429226274,0.5729917563121512,3.530368563084544,NA,2026-08-26,zurich pfingstweidstrasse 60 60b
PSPN_130,PSPN,PSP Swiss Property AG,2025-12-31,"Zürich, Poststrasse 3",Poststrasse 3,Zürich,"Poststrasse 3, Zürich, Switzerland",47.369534,8.5402161,1893,390,814,608,0,178,1597,50.970569818409516,38.071383844708826,0,11.145898559799624,NA,2026-08-26,zurich poststrasse 3
PSPN_132,PSPN,PSP Swiss Property AG,2025-12-31,"Zürich, Seebahnstrasse 89",Seebahnstrasse 89,Zürich,"Seebahnstrasse 89, Zürich, Switzerland",47.3713658,8.5224999,1959,2455,3115,739,0,1208,5062,61.53694192018965,14.598972738048202,0,23.86408534176215,NA,2026-08-26,zurich seebahnstrasse 89
PSPN_133,PSPN,PSP Swiss Property AG,2025-12-31,"Zürich, Seefeldstrasse 5",Seefeldstrasse 5,Zürich,"Seefeldstrasse 5, Zürich, Switzerland",47.3651168,8.5482996,1840,498,571,0,294,289,1154,49.480069324090124,0,25.476603119584055,25.043327556325824,NA,2026-08-26,zurich seefeldstrasse 5
PSPN_134,PSPN,PSP Swiss Property AG,2025-12-31,"Zürich, Seefeldstrasse 123",Seefeldstrasse 123,Zürich,"Seefeldstrasse 123, Zürich, Switzerland",47.3580861,8.5544767,1972,2580,6586,1562,0,138,8286,79.4834660873763,18.851074100893072,0,1.66545981173063,NA,2026-08-26,zurich seefeldstrasse 123
PSPN_135,PSPN,PSP Swiss Property AG,2025-12-31,"Zürich, Seestrasse 353°",Seestrasse 353,Zürich,"Seestrasse 353, Zürich, Switzerland",47.3462325,8.5334649,1981/2001,3593,7403,0,0,296,7699,96.15534484998052,0,0,3.844655150019483,NA,2026-08-26,zurich seestrasse 353
PSPN_136,PSPN,PSP Swiss Property AG,2025-12-31,"Zürich, Splügenstrasse 6",Splügenstrasse 6,Zürich,"Splügenstrasse 6, Zürich, Switzerland",47.3645394,8.5338133,1896,430,1072,0,0,31,1103,97.1894832275612,0,0,2.8105167724388034,NA,2026-08-26,zurich splugenstrasse 6
PSPN_137,PSPN,PSP Swiss Property AG,2025-12-31,"Zürich, Stampfenbachstrasse 48 / Sumatrastrasse 11",Stampfenbachstrasse 48 / Sumatrastrasse 11,Zürich,"Stampfenbachstrasse 48 / Sumatrastrasse 11, Zürich, Switzerland",47.3804685,8.5430355,1929,1589,4354,222,0,455,5031,86.54343072947724,4.412641621943948,0,9.043927648578812,NA,2026-08-26,zurich stampfenbachstrasse 48 sumatrastrasse 11
PSPN_138,PSPN,PSP Swiss Property AG,2025-12-31,"Zürich, Stauffacherstrasse 31",Stauffacherstrasse 31,Zürich,"Stauffacherstrasse 31, Zürich, Switzerland",47.3734849,8.5287165,1896,400,534,0,204,863,1601,33.35415365396627,0,12.742036227357902,53.90381011867583,NA,2026-08-26,zurich stauffacherstrasse 31
PSPN_139,PSPN,PSP Swiss Property AG,2025-12-31,"Zürich, Theaterstrasse 12",Theaterstrasse 12,Zürich,"Theaterstrasse 12, Zürich, Switzerland",47.3666382,8.5465328,1973,1506,3611,2315,0,675,6601,54.70383275261324,35.070443872140586,0,10.225723375246174,NA,2026-08-26,zurich theaterstrasse 12
PSPN_140,PSPN,PSP Swiss Property AG,2025-12-31,"Zürich, Theaterstrasse 22",Theaterstrasse 22,Zürich,"Theaterstrasse 22, Zürich, Switzerland",47.3672986,8.5456007,2013,324,459,0,283,237,979,46.88457609805924,0,28.907048008171603,24.20837589376915,NA,2026-08-26,zurich theaterstrasse 22
PSPN_141,PSPN,PSP Swiss Property AG,2025-12-31,"Zürich, Uraniastrasse 9",Uraniastrasse 9,Zürich,"Uraniastrasse 9, Zürich, Switzerland",47.374214,8.5393955,1906,989,3485,209,909,746,5349,65.15236492802393,3.9072723873621236,16.99383062254627,13.946532062067677,NA,2026-08-26,zurich uraniastrasse 9
PSPN_142,PSPN,PSP Swiss Property AG,2025-12-31,"Zürich, Waisenhausstrasse 2, 4/ Bahnhofquai 7","Waisenhausstrasse 2, 4 / Bahnhofquai 7",Zürich,"Waisenhausstrasse 2, 4 / Bahnhofquai 7, Zürich, Switzerland",47.3762176,8.5409343,1913,1365,0,0,7399,0,7399,0,0,100,0,NA,2026-08-26,zurich waisenhausstrasse 2 4 bahnhofquai 7
PSPN_143,PSPN,PSP Swiss Property AG,2025-12-31,"Zürich, Walchestrasse 11, 15 / Neumühlequai 26, 28","Walchestrasse 11, 15 / Neumühlequai 26, 28",Zürich,"Walchestrasse 11, 15 / Neumühlequai 26, 28, Zürich, Switzerland",47.3800211,8.5422229,1919,1074,2801,628,103,495,4027,69.55550037248572,15.59473553513782,2.5577352868140055,12.292028805562454,NA,2026-08-26,zurich walchestrasse 11 15 neumuhlequai 26 28
PSPN_144,PSPN,PSP Swiss Property AG,2025-12-31,"Zürich, Wasserwerkstrasse 10, 12 /Stampfenbachstrasse 109","Wasserwerkstrasse 10, 12 / Stampfenbachstrasse 109",Zürich,"Wasserwerkstrasse 10, 12 / Stampfenbachstrasse 109, Zürich, Switzerland",47.3830036,8.5407393,1983,1760,6406,0,0,1527,7933,80.75129207109542,0,0,19.248707928904576,NA,2026-08-26,zurich wasserwerkstrasse 10 12 stampfenbachstrasse 109
PSPN_145,PSPN,PSP Swiss Property AG,2025-12-31,"Zürich, Zollstrasse 6",Zollstrasse 6,Zürich,"Zollstrasse 6, Zürich, Switzerland",47.3797985,8.5369658,1982,343,0,385,0,1057,1442,0,26.699029126213592,0,73.30097087378641,NA,2026-08-26,zurich zollstrasse 6
PSPN_146,PSPN,PSP Swiss Property AG,2025-12-31,"Zürich, Zweierstrasse 129",Zweierstrasse 129,Zürich,"Zweierstrasse 129, Zürich, Switzerland",47.3709474,8.5201992,1958,597,1759,261,0,834,2854,61.63279607568325,9.145059565522073,0,29.222144358794676,NA,2026-08-26,zurich zweierstrasse 129
PSPN_147,PSPN,PSP Swiss Property AG,2025-12-31,"Ruschlikon, Moosstrasse 2",Moosstrasse 2,Rüschlikon,"Moosstrasse 2, Rüschlikon, Switzerland",47.3029481,8.5455369,1969/89,6798,5392,0,0,3870,9262,58.216367955085296,0,0,41.783632044914704,NA,2026-08-26,ruschlikon moosstrasse 2
NA,PSPN,PSP Swiss Property AG,2025-12-31,"Urdorf, Heinrich Stutz-Strasse 23, 25",Heinrich Stutz-Strasse 23,Urdorf,"Heinrich Stutz-Strasse 23, Urdorf, Switzerland",47.3691183,8.4265195,1967,3788,988,0,0,2960,3948,25.025329280648428,0,0,74.97467071935156,NA,NA,urdorf heinrich stutz strasse 23 25
PSPN_148,PSPN,PSP Swiss Property AG,2025-12-31,"Urdorf, Heinrich Stutz-Strasse 27, 29","Heinrich Stutz-Strasse 27, 29",Urdorf,"Heinrich Stutz-Strasse 27, 29, Urdorf, Switzerland",47.3675662,8.4276302,1976,30671,43259,0,195,3192,46646,92.73892723920594,0,0.41804227586502596,6.84303048492904,NA,2026-08-26,urdorf heinrich stutz strasse 27 29
PSPN_029,PSPN,PSP Swiss Property AG,2025-12-31,"Genève, Cours de Rive 13, 15/ Boulevard Helvétique 25","Cours de Rive 13, 15 / Boulevard Helvétique 25",Genève,"Cours de Rive 13, 15 / Boulevard Helvétique 25, Genève, Switzerland",46.2017327,6.1540268,1981,882,4513,1184,0,45,5742,78.59630790665274,20.619993033786137,0,0.7836990595611285,NA,2026-08-26,geneve cours de rive 13 15 boulevard helvetique 25
PSPN_030,PSPN,PSP Swiss Property AG,2025-12-31,"Genéve, Place de la Synagogue 3, 5/ Rue Jean-Petitot 4, 6","Place de la Synagogue 3, 5 / Rue Jean-Petitot 4, 6",Genève,"Place de la Synagogue 3, 5 / Rue Jean-Petitot 4, 6, Genève, Switzerland",46.2029441,6.1407536,1874,585,2526,109,0,85,2720,92.86764705882354,4.007352941176471,0,3.125,NA,2026-08-26,geneve place de la synagogue 3 5 rue jean petitot 4 6
PSPN_031,PSPN,PSP Swiss Property AG,2025-12-31,"Genève, Place du Molard 7",Place du Molard 7,Genève,"Place du Molard 7, Genève, Switzerland",46.2033515,6.1480286,1975,593,2121,0,821,403,3345,63.408071748878925,0,24.5440956651719,12.047832585949179,NA,2026-08-26,geneve place du molard 7
PSPN_045,PSPN,PSP Swiss Property AG,2025-12-31,"Genève, Rue Henriette-et-Jeanne-Rath 14 / Rue de Hesse 16bis",Rue Henriette-et-Jeanne-Rath 14 / Rue de Hesse 16bis,Genève,"Rue Henriette-et-Jeanne-Rath 14 / Rue de Hesse 16bis, Genève, Switzerland",46.2024555,6.1422899,1919,1017,4962,NA,0,0,4962,100,NA,0,0,NA,2026-08-26,geneve rue henriette et jeanne rath 14 rue de hesse 16bis
PSPN_033,PSPN,PSP Swiss Property AG,2025-12-31,"Genève, Rue de l’Arquebuse 8",Rue de l’Arquebuse 8,Genève,"Rue de l’Arquebuse 8, Genève, Switzerland",46.203022,6.1391336,1900,347,1788,0,0,111,1899,94.15481832543443,0,0,5.845181674565561,NA,2026-08-26,geneve rue de l arquebuse 8
PSPN_034,PSPN,PSP Swiss Property AG,2025-12-31,"Genève, Rue de la Confédération 2",Rue de la Confédération 2,Genève,"Rue de la Confédération 2, Genève, Switzerland",46.2037481,6.1433446,1935,8650,6490,920,0,929,8339,77.82707758724068,11.03249790142703,0,11.140424511332293,NA,2026-08-26,geneve rue de la confederation 2
PSPN_036,PSPN,PSP Swiss Property AG,2025-12-31,"Genéve, Rue de la Corraterie 5, 7 / Rue de la Cité 6","Rue de la Corraterie 5, 7 / Rue de la Cité 6",Genève,"Rue de la Corraterie 5, 7 / Rue de la Cité 6, Genève, Switzerland",46.2033034,6.1433281,1920,7900,5195,1865,0,149,7209,72.06269940352337,25.87043972811763,0,2.0668608683589955,NA,2026-08-26,geneve rue de la corraterie 5 7 rue de la cite 6
PSPN_035,PSPN,PSP Swiss Property AG,2025-12-31,"Genève, Rue de la Corraterie 24, 26","Rue de la Corraterie 24, 26",Genève,"Rue de la Corraterie 24, 26, Genève, Switzerland",46.2022399,6.1434548,1825,1005,1609,614,0,210,2433,66.13234689683519,25.236333744348542,0,8.631319358816276,NA,2026-08-26,geneve rue de la corraterie 24 26
PSPN_037,PSPN,PSP Swiss Property AG,2025-12-31,"Genève, Rue de la Fontaine 5",Rue de la Fontaine 5,Genève,"Rue de la Fontaine 5, Genève, Switzerland",46.2018092,6.1499285,1920,226,946,240,0,77,1263,74.90102929532858,19.002375296912113,0,6.096595407759303,NA,2026-08-26,geneve rue de la fontaine 5
PSPN_038,PSPN,PSP Swiss Property AG,2025-12-31,"Genève, Rue des Bains 31bis, 33, 35","Rue des Bains 31bis, 33, 35",Genève,"Rue des Bains 31bis, 33, 35, Genève, Switzerland",46.1987177,6.1370006,1994,3368,10422,1270,0,302,11994,86.89344672336168,10.588627647156912,0,2.5179256294814074,NA,2026-08-26,geneve rue des bains 31bis 33 35
PSPN_039,PSPN,PSP Swiss Property AG,2025-12-31,"Genève, Rue du Marché 40",Rue du Marché 40,Genève,"Rue du Marché 40, Genève, Switzerland",46.2028153,6.1477318,1972,798,0,1123,4416,27,5566,0,20.17606899029824,79.33884297520662,0.48508803449514915,NA,2026-08-26,geneve rue du marche 40
PSPN_040,PSPN,PSP Swiss Property AG,2025-12-31,"Genève, Rue du Mont-Blanc 12",Rue du Mont-Blanc 12,Genève,"Rue du Mont-Blanc 12, Genève, Switzerland",46.2075952,6.1467518,1860,258,1355,126,0,0,1481,91.49223497636731,8.50776502363268,0,0,NA,2026-08-26,geneve rue du mont blanc 12
PSPN_041,PSPN,PSP Swiss Property AG,2025-12-31,"Genève, Rue du Prince 9, 11","Rue du Prince 9, 11",Genève,"Rue du Prince 9, 11, Genève, Switzerland",46.2025281,6.1509683,1966,578,2915,800,0,426,4141,70.39362472832649,19.31900507123883,0,10.287370200434678,NA,2026-08-26,geneve rue du prince 9 11
PSPN_042,PSPN,PSP Swiss Property AG,2025-12-31,"Genève, Rue du XXXI-Décembre 8",Rue du XXXI-Décembre 8,Genève,"Rue du XXXI-Décembre 8, Genève, Switzerland",46.2048883,6.1579167,1962,1062,2257,367,134,1012,3767,59.9150517653305,9.742500663658083,3.55720732678524,26.86487921422883,NA,2026-08-26,geneve rue du xxxi decembre 8
PSPN_043,PSPN,PSP Swiss Property AG,2025-12-31,"Genéve, Rue F. Bonivard 12/ Rue des Alpes 11",Rue F. Bonivard 12 / Rue des Alpes 11,Genève,"Rue F. Bonivard 12 / Rue des Alpes 11, Genève, Switzerland",46.2085271,6.1474061,1852,392,2048,269,0,46,2363,86.66948793906052,11.383834109183242,0,1.946677951756242,NA,2026-08-26,geneve rue f bonivard 12 rue des alpes 11
PSPN_044,PSPN,PSP Swiss Property AG,2025-12-31,"Genève, Rue François-Diday 8",Rue François-Diday 8,Genève,"Rue François-Diday 8, Genève, Switzerland",46.2028974,6.1426608,1924,632,2438,0,0,0,2438,100,0,0,0,NA,2026-08-26,geneve rue francois diday 8
PSPN_046,PSPN,PSP Swiss Property AG,2025-12-31,"Genève, Rue Richard-Wagner 6",Rue Richard-Wagner 6,Genève,"Rue Richard-Wagner 6, Genève, Switzerland",46.2181675,6.141669,1986,6634,9976,0,0,0,9976,100,0,0,0,NA,2026-08-26,geneve rue richard wagner 6
NA,PSPN,PSP Swiss Property AG,2025-12-31,"Carouge, Route des Acacias 50, 52",Route des Acacias 50,Carouge,"Route des Acacias 50, Carouge, Switzerland",46.1890152,6.1326446,1965,4666,9557,0,0,31,9588,99.67667918231122,0,0,0.32332081768877763,NA,NA,carouge route des acacias 50 52
PSPN_047,PSPN,PSP Swiss Property AG,2025-12-31,"Carouge, Rue de la Gabelle 6",Rue de la Gabelle 6,Carouge,"Rue de la Gabelle 6, Carouge, Switzerland",46.1889427,6.1333589,1987,990,1016,0,0,0,1016,100,0,0,0,NA,2026-08-26,carouge rue de la gabelle 6
PSPN_048,PSPN,PSP Swiss Property AG,2025-12-31,"Cologny, Quai de Cologny 5",Quai de Cologny 5,Cologny,"Quai de Cologny 5, Cologny, Switzerland",46.2131602,6.1735426,2015,0,0,0,0,2829,2829,0,0,0,100,NA,2026-08-26,cologny quai de cologny 5
PSPN_001,PSPN,PSP Swiss Property AG,2025-12-31,"Basel, Barfüsserplatz 10",Barfüsserplatz 10,Basel,"Barfüsserplatz 10, Basel, Switzerland",47.5543447,7.5887267,1914,365,350,0,533,314,1197,29.239766081871345,0,44.52798663324979,26.232247284878863,NA,2026-08-26,basel barfusserplatz 10
PSPN_002,PSPN,PSP Swiss Property AG,2025-12-31,"Basel, Dornacherstrasse 210",Dornacherstrasse 210,Basel,"Dornacherstrasse 210, Basel, Switzerland",47.5412855,7.5944857,1969,4994,9634,2770,0,2105,14509,66.40016541457027,19.091598318285204,0,14.50823626714453,NA,2026-08-26,basel dornacherstrasse 210
PSPN_003,PSPN,PSP Swiss Property AG,2025-12-31,"Basel, Falknerstrasse 31 /Weisse Gasse 16",Falknerstrasse 31 / Weisse Gasse 16,Basel,"Falknerstrasse 31 / Weisse Gasse 16, Basel, Switzerland",47.5555484,7.5893591,1902,320,127,0,345,728,1200,10.583333333333334,0,28.75,60.666666666666664,NA,2026-08-26,basel falknerstrasse 31 weisse gasse 16
PSPN_004,PSPN,PSP Swiss Property AG,2025-12-31,"Basel, Freie Strasse 38",Freie Strasse 38,Basel,"Freie Strasse 38, Basel, Switzerland",47.5562228,7.5898458,1896,299,957,230,0,5,1192,80.28523489932886,19.29530201342282,0,0.41946308724832215,NA,2026-08-26,basel freie strasse 38
PSPN_005,PSPN,PSP Swiss Property AG,2025-12-31,"Basel, Greifengasse 21",Greifengasse 21,Basel,"Greifengasse 21, Basel, Switzerland",47.5614329,7.5925382,1930,416,201,826,0,798,1825,11.013698630136986,45.26027397260274,0,43.726027397260275,NA,2026-08-26,basel greifengasse 21
PSPN_007,PSPN,PSP Swiss Property AG,2025-12-31,"Basel, Grosspeterstrasse 18 / Grosspeteranlage 11",Grosspeterstrasse 18 / Grosspeteranlage 11,Basel,"Grosspeterstrasse 18 / Grosspeteranlage 11, Basel, Switzerland",47.5450167,7.6003472,2023,2008,5115,0,413,803,6331,80.79292370873479,0,6.523456010108988,12.683620281156216,NA,2026-08-26,basel grosspeterstrasse 18 grosspeteranlage 11
PSPN_006,PSPN,PSP Swiss Property AG,2025-12-31,"Basel, Grosspeterstrasse 44",Grosspeterstrasse 44,Basel,"Grosspeterstrasse 44, Basel, Switzerland",47.545042,7.6019635,2017,3657,11476,0,5493,1031,18000,63.75555555555555,0,30.516666666666666,5.727777777777778,NA,2026-08-26,basel grosspeterstrasse 44
PSPN_008,PSPN,PSP Swiss Property AG,2025-12-31,"Basel, Hochstrasse 16 / Pfeffingerstrasse 5",Hochstrasse 16 / Pfeffingerstrasse 5,Basel,"Hochstrasse 16 / Pfeffingerstrasse 5, Basel, Switzerland",47.5451793,7.5926586,1986,6953,5649,0,8220,675,14544,38.84075907590759,0,56.51815181518152,4.641089108910891,NA,2026-08-26,basel hochstrasse 16 pfeffingerstrasse 5
PSPN_009,PSPN,PSP Swiss Property AG,2025-12-31,"Basel, Kirschgartenstrasse 12, 14","Kirschgartenstrasse 12, 14",Basel,"Kirschgartenstrasse 12, 14, Basel, Switzerland",47.5514971,7.5916713,1978,1376,5004,787,143,469,6403,78.15086678119631,12.291113540527878,2.2333281274402625,7.324691550835546,NA,2026-08-26,basel kirschgartenstrasse 12 14
PSPN_010,PSPN,PSP Swiss Property AG,2025-12-31,"Basel, Marktgasse 4",Marktgasse 4,Basel,"Marktgasse 4, Basel, Switzerland",47.5598403,7.5875563,1910,272,498,216,0,331,1045,47.655502392344495,20.669856459330145,0,31.67464114832536,NA,2026-08-26,basel marktgasse 4
PSPN_011,PSPN,PSP Swiss Property AG,2025-12-31,"Basel, Marktgasse 5",Marktgasse 5,Basel,"Marktgasse 5, Basel, Switzerland",47.5595538,7.5875753,1924,330,964,314,0,241,1516,63.58839050131926,20.71240105540897,0,15.897097625329815,NA,2026-08-26,basel marktgasse 5
NA,PSPN,PSP Swiss Property AG,2025-12-31,"Basel, Marktplatz 30, 30a",Marktplatz 30,Basel,"Marktplatz 30, Basel, Switzerland",47.5584284,7.5872503,1936,560,2064,0,430,314,2808,73.5042735042735,0,15.313390313390313,11.182336182336183,NA,NA,basel marktplatz 30 30a
PSPN_012,PSPN,PSP Swiss Property AG,2025-12-31,"Basel, Peter Merian-Strasse 88, 90","Peter Merian-Strasse 88, 90",Basel,"Peter Merian-Strasse 88, 90, Basel, Switzerland",47.5458482,7.5952919,2000,3900,10707,0,0,566,11273,94.9791537301517,0,0,5.0208462698483105,NA,2026-08-26,basel peter merian strasse 88 90
PSPN_013,PSPN,PSP Swiss Property AG,2025-12-31,"Basel, St. Alban-Anlage 46",St. Alban-Anlage 46,Basel,"St. Alban-Anlage 46, Basel, Switzerland",47.5521807,7.6006162,1968,1197,3182,0,245,342,3769,84.42557707614752,0,6.500397983550013,9.074024940302467,NA,2026-08-26,basel st alban anlage 46
PSPN_014,PSPN,PSP Swiss Property AG,2025-12-31,"Basel, Steinentorberg 8, 12","Steinentorberg 8, 12",Basel,"Steinentorberg 8, 12, Basel, Switzerland",47.5504547,7.5872529,1991,2845,6989,0,0,7758,14747,47.39269003865193,0,0,52.60730996134807,NA,2026-08-26,basel steinentorberg 8 12
PSPN_015,PSPN,PSP Swiss Property AG,2025-12-31,"Bern, Barenplatz 9, 11, 27 / Kafiggasschen 10, 22, 26","Bärenplatz 9, 11, 27 / Käfiggässchen 10, 22, 26",Bern,"Bärenplatz 9, 11, 27 / Käfiggässchen 10, 22, 26, Bern, Switzerland",46.9478264,7.4438747,1694/1932,649,1292,0,1109,964,3365,38.39524517087667,0,32.95690936106983,28.647845468053493,NA,2026-08-26,bern barenplatz 9 11 27 kafiggasschen 10 22 26
PSPN_016,PSPN,PSP Swiss Property AG,2025-12-31,"Bern, Bollwerk 15",Bollwerk 15,Bern,"Bollwerk 15, Bern, Switzerland",46.9493712,7.4406661,1924,403,1209,560,0,127,1896,63.765822784810126,29.535864978902953,0,6.698312236286919,NA,2026-08-26,bern bollwerk 15
NA,PSPN,PSP Swiss Property AG,2025-12-31,"Bern, Eigerstrasse 2",Eigerstrasse 2,Bern,"Eigerstrasse 2, Bern, Switzerland",46.9404695,7.4319135,1964,3268,4237,240,0,212,4689,90.36041799957347,5.1183621241202815,0,4.521219876306248,NA,NA,bern eigerstrasse 2
PSPN_017,PSPN,PSP Swiss Property AG,2025-12-31,"Bern, Genfergasse 4",Genfergasse 4,Bern,"Genfergasse 4, Bern, Switzerland",46.9492854,7.4410634,1899,325,952,0,544,291,1787,53.27364297705652,0,30.442081701175155,16.284275321768327,NA,2026-08-26,bern genfergasse 4
PSPN_018,PSPN,PSP Swiss Property AG,2025-12-31,"Bern, Kramgasse 49",Kramgasse 49,Bern,"Kramgasse 49, Bern, Switzerland",46.9476741,7.449971,1900,235,50,172,270,322,814,6.142506142506143,21.13022113022113,33.16953316953317,39.55773955773956,NA,2026-08-26,bern kramgasse 49
PSPN_019,PSPN,PSP Swiss Property AG,2025-12-31,"Bern, Kramgasse 78",Kramgasse 78,Bern,"Kramgasse 78, Bern, Switzerland",46.9480591,7.4485012,vor 1900,241,178,506,0,348,1032,17.248062015503876,49.031007751937985,0,33.72093023255814,NA,2026-08-26,bern kramgasse 78
PSPN_020,PSPN,PSP Swiss Property AG,2025-12-31,"Bern, Laupenstrasse 10",Laupenstrasse 10,Bern,"Laupenstrasse 10, Bern, Switzerland",46.9473844,7.4361881,1965,969,1817,573,0,247,2637,68.904057641259,21.7292377701934,0,9.366704588547591,NA,2026-08-26,bern laupenstrasse 10
PSPN_021,PSPN,PSP Swiss Property AG,2025-12-31,"Bern, Laupenstrasse 18, 18a","Laupenstrasse 18, 18a",Bern,"Laupenstrasse 18, 18a, Bern, Switzerland",46.9474304,7.4351242,1935/60,5436,7177,870,0,1396,9443,76.00338875357407,9.21317377951922,0,14.783437466906703,NA,2026-08-26,bern laupenstrasse 18 18a
PSPN_022,PSPN,PSP Swiss Property AG,2025-12-31,"Bern, Seilerstrasse 8, 8a","Seilerstrasse 8, 8a",Bern,"Seilerstrasse 8, 8a, Bern, Switzerland",46.9465801,7.4344827,1971,2183,5914,561,0,2604,9079,65.13933252560855,6.179094613944267,0,28.681572860447186,NA,2026-08-26,bern seilerstrasse 8 8a
PSPN_023,PSPN,PSP Swiss Property AG,2025-12-31,"Bern, Waisenhausplatz 14",Waisenhausplatz 14,Bern,"Waisenhausplatz 14, Bern, Switzerland",46.9489677,7.4437234,1950,826,1224,1849,0,354,3427,35.716370002918005,53.953895535453746,0,10.329734461628247,NA,2026-08-26,bern waisenhausplatz 14
PSPN_024,PSPN,PSP Swiss Property AG,2025-12-31,"Bern, Zeughausgasse 26, 28","Zeughausgasse 26, 28",Bern,"Zeughausgasse 26, 28, Bern, Switzerland",46.9491393,7.44478,1900,629,0,779,2724,68,3571,0,21.814617754130495,76.28115373844861,1.9042285074208904,NA,2026-08-26,bern zeughausgasse 26 28
PSPN_025,PSPN,PSP Swiss Property AG,2025-12-31,"Liebefeld, Waldeggstrasse 30",Waldeggstrasse 30,Liebefeld,"Waldeggstrasse 30, Liebefeld, Switzerland",46.9337234,7.4196767,2014,5547,15243,0,0,327,15570,97.89980732177264,0,0,2.1001926782273603,NA,2026-08-26,liebefeld waldeggstrasse 30
PSPN_026,PSPN,PSP Swiss Property AG,2025-12-31,"Liebefeld, Waldeggstrasse 37",Waldeggstrasse 37,Liebefeld,"Waldeggstrasse 37, Liebefeld, Switzerland",46.9319652,7.4197052,2003,5335,10739,0,0,842,11581,92.72947068474225,0,0,7.2705293152577495,NA,2026-08-26,liebefeld waldeggstrasse 37
PSPN_027,PSPN,PSP Swiss Property AG,2025-12-31,"Liebefeld, Waldeggstrasse 38",Waldeggstrasse 38,Liebefeld,"Waldeggstrasse 38, Liebefeld, Switzerland",46.9333858,7.4187088,1918,5479,3137,0,0,717,3854,81.39595225739491,0,0,18.604047742605086,NA,2026-08-26,liebefeld waldeggstrasse 38
PSPN_028,PSPN,PSP Swiss Property AG,2025-12-31,"Liebefeld, Waldeggstrasse 41, 45, 47","Waldeggstrasse 41, 45, 47",Liebefeld,"Waldeggstrasse 41, 45, 47, Liebefeld, Switzerland",46.9329219,7.4191912,1907|12,7044,3294,0,182,777,4253,77.45121090994591,0,4.279332236068657,18.26945685398542,NA,2026-08-26,liebefeld waldeggstrasse 41 45 47
PSPN_050,PSPN,PSP Swiss Property AG,2025-12-31,"Lausanne, Avenue Agassiz 2",Avenue Agassiz 2,Lausanne,"Avenue Agassiz 2, Lausanne, Switzerland",46.5183886,6.6308492,1880,757,1394,0,0,0,1394,100,0,0,0,NA,2026-08-26,lausanne avenue agassiz 2
PSPN_049,PSPN,PSP Swiss Property AG,2025-12-31,"Lausanne, Avenue de Cour 135",Avenue de Cour 135,Lausanne,"Avenue de Cour 135, Lausanne, Switzerland",46.5171541,6.6097991,1973,1800,2259,0,262,385,2906,77.73571920165176,0,9.015829318651067,13.248451479697179,NA,2026-08-26,lausanne avenue de cour 135
PSPN_051,PSPN,PSP Swiss Property AG,2025-12-31,"Lausanne, Avenue de Sévelin 40",Avenue de Sévelin 40,Lausanne,"Avenue de Sévelin 40, Lausanne, Switzerland",46.5228918,6.6153795,1992,3060,1623,0,0,4939,6562,24.7333130143249,0,0,75.2666869856751,NA,2026-08-26,lausanne avenue de sevelin 40
PSPN_052,PSPN,PSP Swiss Property AG,2025-12-31,"Lausanne, Avenue de Sévelin 46",Avenue de Sévelin 46,Lausanne,"Avenue de Sévelin 46, Lausanne, Switzerland",46.5228746,6.6191248,1994,3320,9982,0,361,4981,15324,65.13965022187418,0,2.3557817802140435,32.50456799791177,NA,2026-08-26,lausanne avenue de sevelin 46
PSPN_053,PSPN,PSP Swiss Property AG,2025-12-31,"Lausanne, Avenue de Sévelin 54",Avenue de Sévelin 54,Lausanne,"Avenue de Sévelin 54, Lausanne, Switzerland",46.5231515,6.6171732,1932,1288,544,0,0,2466,3010,18.07308970099668,0,0,81.92691029900332,NA,2026-08-26,lausanne avenue de sevelin 54
PSPN_055,PSPN,PSP Swiss Property AG,2025-12-31,"Lausanne, Chemin de Bossons 2",Chemin de Bossons 2,Lausanne,"Chemin de Bossons 2, Lausanne, Switzerland",46.5359337,6.6217524,1971,1930,2135,0,0,0,2135,100,0,0,0,NA,2026-08-26,lausanne chemin de bossons 2
PSPN_054,PSPN,PSP Swiss Property AG,2025-12-31,"Lausanne, Chemin du Rionzi 52",Chemin du Rionzi 52,Lausanne,"Chemin du Rionzi 52, Lausanne, Switzerland",46.5430209,6.6297028,1971,0,3407,0,0,5662,9069,37.5675377660161,0,0,62.4324622339839,NA,2026-08-26,lausanne chemin du rionzi 52
PSPN_056,PSPN,PSP Swiss Property AG,2025-12-31,"Lausanne, Grand Pont 1",Grand Pont 1,Lausanne,"Grand Pont 1, Lausanne, Switzerland",46.5201218,6.6315454,1957,371,0,1069,0,0,1069,0,100,0,0,NA,2026-08-26,lausanne grand pont 1
PSPN_057,PSPN,PSP Swiss Property AG,2025-12-31,"Lausanne, Place Saint-François 5",Place Saint-François 5,Lausanne,"Place Saint-François 5, Lausanne, Switzerland",46.5201173,6.6330104,1913,1070,3705,1214,0,874,5793,63.95649922320042,20.956326601070256,0,15.087174175729329,NA,2026-08-26,lausanne place saint francois 5
PSPN_059,PSPN,PSP Swiss Property AG,2025-12-31,"Lausanne, Rue Centrale 15",Rue Centrale 15,Lausanne,"Rue Centrale 15, Lausanne, Switzerland",46.5210922,6.6339676,1938,486,1260,545,0,503,2308,54.592720970537265,23.613518197573658,0,21.79376083188908,NA,2026-08-26,lausanne rue centrale 15
PSPN_060,PSPN,PSP Swiss Property AG,2025-12-31,"Lausanne, Rue de Sébeillon 1, 3, 5","Rue de Sébeillon 1, 3, 5",Lausanne,"Rue de Sébeillon 1, 3, 5, Lausanne, Switzerland",46.5231735,6.6191087,1963,2870,7807,265,0,4181,12253,63.71500856932996,2.1627356565739,0,34.12225577409614,NA,2026-08-26,lausanne rue de sebeillon 1 3 5
PSPN_061,PSPN,PSP Swiss Property AG,2025-12-31,"Lausanne, Rue de Sébeillon 2",Rue de Sébeillon 2,Lausanne,"Rue de Sébeillon 2, Lausanne, Switzerland",46.5236029,6.6184763,n.a.,5955,NA,NA,0,0,NA,NA,NA,NA,NA,NA,2026-08-26,lausanne rue de sebeillon 2
PSPN_062,PSPN,PSP Swiss Property AG,2025-12-31,"Lausanne, Rue du Grand-Chéne 2",Rue du Grand-Chêne 2,Lausanne,"Rue du Grand-Chêne 2, Lausanne, Switzerland",46.5197101,6.631624,1910/11,555,1770,1338,0,0,3108,56.94980694980695,43.05019305019305,0,0,NA,2026-08-26,lausanne rue du grand chene 2
PSPN_063,PSPN,PSP Swiss Property AG,2025-12-31,"Lausanne, Rue Saint-Martin 7",Rue Saint-Martin 7,Lausanne,"Rue Saint-Martin 7, Lausanne, Switzerland",46.5220921,6.6369097,1962/63,2087,3326,1458,0,137,4921,67.58788864052022,29.62812436496647,0,2.7839869945133104,NA,2026-08-26,lausanne rue saint martin 7
NA,PSPN,PSP Swiss Property AG,2025-12-31,"Aarau, lgelweid 1",Igelweid 1,Aarau,"Igelweid 1, Aarau, Switzerland",47.3916612,8.0454621,1945,356,280,104,0,184,568,49.29577464788732,18.309859154929576,0,32.394366197183096,NA,NA,aarau lgelweid 1
PSPN_064,PSPN,PSP Swiss Property AG,2025-12-31,"Biel, Aarbergstrasse 107",Aarbergstrasse 107,Biel,"Aarbergstrasse 107, Biel, Switzerland",47.1343605,7.2411653,1994,5362,12541,579,0,5150,18270,68.64258347016968,3.1691297208538587,0,28.188286808976464,NA,2026-08-26,biel aarbergstrasse 107
PSPN_065,PSPN,PSP Swiss Property AG,2025-12-31,"Biel, Bahnhofplatz 2",Bahnhofplatz 2,Biel,"Bahnhofplatz 2, Biel, Switzerland",47.1337575,7.2419907,1928|62,4928,7464,3354,0,1949,12767,58.46322550325057,26.27085454687867,0,15.26591994987076,NA,2026-08-26,biel bahnhofplatz 2
PSPN_066,PSPN,PSP Swiss Property AG,2025-12-31,"Lugano, Via Emilio Bossi 9",Via Emilio Bossi 9,Lugano,"Via Emilio Bossi 9, Lugano, Switzerland",46.0070656,8.9547042,1977,1049,1726,0,0,-1,1725,100.05797101449275,0,0,-0.057971014492753624,NA,2026-08-26,lugano via emilio bossi 9
PSPN_067,PSPN,PSP Swiss Property AG,2025-12-31,"Lugano, Via Ginevra 2",Via Ginevra 2,Lugano,"Via Ginevra 2, Lugano, Switzerland",46.0082732,8.9520821,1930/95,1176,2267,0,0,0,2267,100,0,0,0,NA,2026-08-26,lugano via ginevra 2
PSPN_068,PSPN,PSP Swiss Property AG,2025-12-31,"Lugano, Via Pessina 16",Via Pessina 16,Lugano,"Via Pessina 16, Lugano, Switzerland",46.0045699,8.950676,1900,356,565,611,0,270,1446,39.07330567081605,42.25449515905947,0,18.672199170124482,NA,2026-08-26,lugano via pessina 16
PSPN_069,PSPN,PSP Swiss Property AG,2025-12-31,"Rheinfelden, Baslerstrasse 2-16",Baslerstrasse 2-16,Rheinfelden,"Baslerstrasse 2-16, Rheinfelden, Switzerland",47.5463996,7.7596899,2016,34241,4993,5788,0,13302,24083,20.732466885354814,24.033550637379065,0,55.233982477266125,NA,2026-08-26,rheinfelden baslerstrasse 2 16
PSPN_070,PSPN,PSP Swiss Property AG,2025-12-31,"Winterthur, Marktgasse 74",Marktgasse 74,Winterthur,"Marktgasse 74, Winterthur, Switzerland",47.499537,8.7270495,1595,361,0,625,0,619,1244,0,50.241157556270096,0,49.758842443729904,NA,2026-08-26,winterthur marktgasse 74
PSPN_071,PSPN,PSP Swiss Property AG,2025-12-31,"Winterthur, Untertor 34",Untertor 34,Winterthur,"Untertor 34, Winterthur, Switzerland",47.4992373,8.7241714,1879,146,403,0,92,214,709,56.84062059238364,0,12.976022566995768,30.183356840620593,NA,2026-08-26,winterthur untertor 34
PSPN_072,PSPN,PSP Swiss Property AG,2025-12-31,"Zug, Kolinplatz 2",Kolinplatz 2,Zug,"Kolinplatz 2, Zug, Switzerland",47.1664662,8.5154214,1491,285,723,119,0,197,1039,69.5861405197305,11.453320500481231,0,18.960538979788257,NA,2026-08-26,zug kolinplatz 2
