property_id,ticker,company,report_date,address,city,report_property,target_rental_income_tchf,vacancy_rate_pct,ownership_status,year_construction,year_renovation,site_area_m2,commercial_area_m2,retail_pct,office_pct,hotel_gastronomy_pct,assisted_living_pct,storage_pct,other_pct,source_pdf_page,full_address,simplified_address,simplified_full_address,latitude,longitude,second_pass_address.x,second_pass_full_address.x,second_pass_address.y,second_pass_full_address.y,manual_geocode_address
SPSN_001,SPSN,Swiss Prime Site AG,2025-12-31,"Grabenstrasse 17, 19",Baar,"Baar, Grabenstrasse 17, 19",1279,NA,sole ownership,2015,NA,2084,3685,NA,95.8,NA,NA,4.2,NA,2,"Grabenstrasse 17, 19, Baar, Switzerland","Grabenstrasse 17, 19","Grabenstrasse 17, 19, Baar, Switzerland",47.1856379,8.5180689,Grabenstrasse 17,"Grabenstrasse 17, Baar, Switzerland",Grabenstrasse 17,"Grabenstrasse 17, Baar, Switzerland",NA
SPSN_002,SPSN,Swiss Prime Site AG,2025-12-31,"Zugerstrasse 57, 63",Baar,"Baar, Zugerstrasse 57, 63",3243,2.7,sole ownership,2009,NA,6029,8992,NA,91.4,4.6,NA,2.7,1.3,2,"Zugerstrasse 57, 63, Baar, Switzerland","Zugerstrasse 57, 63","Zugerstrasse 57, 63, Baar, Switzerland",47.1855525,8.5206399,Zugerstrasse 57,"Zugerstrasse 57, Baar, Switzerland",Zugerstrasse 57,"Zugerstrasse 57, Baar, Switzerland",NA
SPSN_003,SPSN,Swiss Prime Site AG,2025-12-31,Aeschenvorstadt 2–4,Basel,"Basel, Aeschenvorstadt 2–4",2114,8.8,sole ownership,1960,2005,1362,6226,28.8,52.1,NA,NA,18.6,0.5,2,"Aeschenvorstadt 2–4, Basel, Switzerland",Aeschenvorstadt 2–4,"Aeschenvorstadt 2–4, Basel, Switzerland",47.553065,7.5929095,NA,NA,NA,NA,NA
SPSN_004,SPSN,Swiss Prime Site AG,2025-12-31,Barfüsserplatz 3,Basel,"Basel, Barfüsserplatz 3",1402,NA,sole ownership,1870/ 1874,2020,751,3826,9.7,78.6,NA,NA,11.6,0.1,2,"Barfüsserplatz 3, Basel, Switzerland",Barfüsserplatz 3,"Barfüsserplatz 3, Basel, Switzerland",47.5551207,7.5896665,NA,NA,NA,NA,NA
SPSN_005,SPSN,Swiss Prime Site AG,2025-12-31,Centralbahnplatz 9/10,Basel,"Basel, Centralbahnplatz 9/10",903,5.9,sole ownership,2005,2005,403,1445,6.6,37.9,22.9,NA,14.7,17.9,2,"Centralbahnplatz 9/10, Basel, Switzerland",Centralbahnplatz 9/10,"Centralbahnplatz 9/10, Basel, Switzerland",47.5480888,7.5901818,NA,NA,NA,NA,NA
SPSN_006,SPSN,Swiss Prime Site AG,2025-12-31,Elisabethenstrasse 15,Basel,"Basel, Elisabethenstrasse 15",1442,0.2,sole ownership,1933,1993,953,4277,13,71.8,7.7,NA,7.5,NA,2,"Elisabethenstrasse 15, Basel, Switzerland",Elisabethenstrasse 15,"Elisabethenstrasse 15, Basel, Switzerland",47.5529657,7.5917699,NA,NA,NA,NA,NA
SPSN_007,SPSN,Swiss Prime Site AG,2025-12-31,Freie Strasse 26/Falknerstrasse 3,Basel,"Basel, Freie Strasse 26/Falknerstrasse 3",1344,NA,sole ownership,1854,1980,471,2877,43.5,50.2,NA,NA,6.3,NA,2,"Freie Strasse 26/Falknerstrasse 3, Basel, Switzerland",Freie Strasse 26/Falknerstrasse 3,"Freie Strasse 26/Falknerstrasse 3, Basel, Switzerland",47.5566493,7.5894132,Freie Strasse 26,"Freie Strasse 26, Basel, Switzerland",Freie Strasse 26,"Freie Strasse 26, Basel, Switzerland",NA
SPSN_008,SPSN,Swiss Prime Site AG,2025-12-31,Freie Strasse 36,Basel,"Basel, Freie Strasse 36",1608,NA,sole ownership,1894,2003 2015/,517,2429,59.4,13.6,NA,NA,21.5,5.5,2,"Freie Strasse 36, Basel, Switzerland",Freie Strasse 36,"Freie Strasse 36, Basel, Switzerland",47.5563929,7.589759,NA,NA,NA,NA,NA
SPSN_009,SPSN,Swiss Prime Site AG,2025-12-31,Freie Strasse 68,Basel,"Basel, Freie Strasse 68",2936,NA,sole ownership,1930,2016,1461,8207,19.4,1.2,62.9,NA,16,0.5,2,"Freie Strasse 68, Basel, Switzerland",Freie Strasse 68,"Freie Strasse 68, Basel, Switzerland",47.5551236,7.5907676,NA,NA,NA,NA,NA
SPSN_010,SPSN,Swiss Prime Site AG,2025-12-31,Henric Petri-Strasse 9/Elisabethenstrasse 19,Basel,"Basel, Henric Petri-Strasse 9/Elisabethenstrasse 19",1099,8.7,sole ownership,1949,1985,2387,6719,NA,75.8,NA,NA,24.1,0.1,2,"Henric Petri-Strasse 9/Elisabethenstrasse 19, Basel, Switzerland",Henric Petri-Strasse 9/Elisabethenstrasse 19,"Henric Petri-Strasse 9/Elisabethenstrasse 19, Basel, Switzerland",47.5525617,7.5917688,Henric Petri-Strasse 9,"Henric Petri-Strasse 9, Basel, Switzerland",Henric Petri-Strasse 9,"Henric Petri-Strasse 9, Basel, Switzerland",NA
SPSN_011,SPSN,Swiss Prime Site AG,2025-12-31,Hochbergerstrasse 40/parking,Basel,"Basel, Hochbergerstrasse 40/parking",601,13.8,sole ownership land lease,1976,NA,4208,NA,NA,NA,NA,NA,NA,NA,2,"Hochbergerstrasse 40/parking, Basel, Switzerland",Hochbergerstrasse 40,"Hochbergerstrasse 40, Basel, Switzerland",47.5760908,7.5985987,NA,NA,NA,NA,NA
SPSN_012,SPSN,Swiss Prime Site AG,2025-12-31,Hochbergerstrasse 60/building 860,Basel,"Basel, Hochbergerstrasse 60/building 860",192,21.2,sole ownership,1990,NA,980,910,NA,84.2,NA,NA,13.9,1.9,2,"Hochbergerstrasse 60/building 860, Basel, Switzerland",Hochbergerstrasse 60/building 860,"Hochbergerstrasse 60/building 860, Basel, Switzerland",47.5779394,7.5965081,Hochbergerstrasse 60,"Hochbergerstrasse 60, Basel, Switzerland",Hochbergerstrasse 60,"Hochbergerstrasse 60, Basel, Switzerland",NA
SPSN_013,SPSN,Swiss Prime Site AG,2025-12-31,Hochbergerstrasse 60/Stücki Businesspark,Basel,"Basel, Hochbergerstrasse 60/Stücki Businesspark",9995,1.1,sole ownership,2021/ 2008,NA,8343,37293,NA,64,NA,NA,18.6,17.4,2,"Hochbergerstrasse 60/Stücki Businesspark, Basel, Switzerland",Hochbergerstrasse 60,"Hochbergerstrasse 60, Basel, Switzerland",47.5777955,7.5964463,NA,NA,NA,NA,NA
SPSN_014,SPSN,Swiss Prime Site AG,2025-12-31,Hochbergerstrasse 60 F-I/Stücki Park,Basel,"Basel, Hochbergerstrasse 60 F-I/Stücki Park",13079,8.1,sole ownership,2023,NA,10859,31431,NA,41.6,0.1,NA,58.3,NA,2,"Hochbergerstrasse 60 F-I/Stücki Park, Basel, Switzerland",Hochbergerstrasse 60 F-I,"Hochbergerstrasse 60 F-I, Basel, Switzerland",47.5788942,7.5973265,Hochbergerstrasse 60 F-I,"Hochbergerstrasse 60 F-I, Basel, Switzerland",Hochbergerstrasse 60 F-I,"Hochbergerstrasse 60 F-I, Basel, Switzerland","Hochbergerstrasse 60, Basel, Switzerland"
SPSN_015,SPSN,Swiss Prime Site AG,2025-12-31,Hochbergerstrasse 62,Basel,"Basel, Hochbergerstrasse 62",424,NA,sole ownership,2005,2019–,2680,NA,NA,NA,NA,NA,NA,NA,2,"Hochbergerstrasse 62, Basel, Switzerland",Hochbergerstrasse 62,"Hochbergerstrasse 62, Basel, Switzerland",47.5779041,7.596495,NA,NA,NA,NA,NA
SPSN_016,SPSN,Swiss Prime Site AG,2025-12-31,Hochbergerstrasse 70/Stücki Park (Shopping),Basel,"Basel, Hochbergerstrasse 70/Stücki Park (Shopping)",8882,9.1,sole sole ownership ownership,2009,2021,45966,44829,20.2,14.4,56.9,NA,7.9,0.6,2,"Hochbergerstrasse 70/Stücki Park (Shopping), Basel, Switzerland",Hochbergerstrasse 70,"Hochbergerstrasse 70, Basel, Switzerland",47.5802689,7.5960668,NA,NA,NA,NA,NA
SPSN_017,SPSN,Swiss Prime Site AG,2025-12-31,Messeplatz 12/Messeturm,Basel,"Basel, Messeplatz 12/Messeturm",10274,4.8,partial lease land,2003,NA,2137,23614,NA,53.5,43.1,NA,3.4,NA,2,"Messeplatz 12/Messeturm, Basel, Switzerland",Messeplatz 12,"Messeplatz 12, Basel, Switzerland",47.5643703,7.6023541,NA,NA,NA,NA,NA
SPSN_018,SPSN,Swiss Prime Site AG,2025-12-31,Peter Merian-Strasse 80,Basel,"Basel, Peter Merian-Strasse 80",2464,6.3,freehold property,1999,1998/,19214,8510,NA,82.7,NA,NA,15.3,2,2,"Peter Merian-Strasse 80, Basel, Switzerland",Peter Merian-Strasse 80,"Peter Merian-Strasse 80, Basel, Switzerland",47.5463351,7.5939739,NA,NA,NA,NA,NA
SPSN_019,SPSN,Swiss Prime Site AG,2025-12-31,Rebgasse 20,Basel,"Basel, Rebgasse 20",3270,0.3,sole ownership,1973,2021,3713,8881,47.2,11.8,14.9,NA,15.7,10.4,2,"Rebgasse 20, Basel, Switzerland",Rebgasse 20,"Rebgasse 20, Basel, Switzerland",47.5605996,7.5942134,NA,NA,NA,NA,NA
SPSN_020,SPSN,Swiss Prime Site AG,2025-12-31,Steinenvorstadt 11,Basel,"Basel, Steinenvorstadt 11",318,1.7,sole ownership,1871,NA,169,858,46.1,32.4,NA,NA,NA,21.5,2,"Steinenvorstadt 11, Basel, Switzerland",Steinenvorstadt 11,"Steinenvorstadt 11, Basel, Switzerland",47.5535618,7.5890333,NA,NA,NA,NA,NA
SPSN_021,SPSN,Swiss Prime Site AG,2025-12-31,Genfergasse 14,Bern,"Berne, Genfergasse 14",4535,NA,sole ownership,1969/ 1905,1998,4602,15801,NA,89.1,NA,NA,10.9,NA,2,"Genfergasse 14, Bern, Switzerland",Genfergasse 14,"Genfergasse 14, Bern, Switzerland",46.9502591,7.4416507,NA,NA,NA,NA,NA
SPSN_022,SPSN,Swiss Prime Site AG,2025-12-31,Mingerstrasse 12–18/PostFinance Arena,Bern,"Berne, Mingerstrasse 12–18/PostFinance Arena",6170,12.6,sole ownership land lease,2009,2009,29098,45880,0.3,18.2,NA,NA,81.5,NA,2,"Mingerstrasse 12–18/PostFinance Arena, Bern, Switzerland",Mingerstrasse 12–18,"Mingerstrasse 12–18, Bern, Switzerland",46.9570195,7.4669889,NA,NA,NA,NA,NA
SPSN_023,SPSN,Swiss Prime Site AG,2025-12-31,Schwarztorstrasse 48,Bern,"Berne, Schwarztorstrasse 48",1896,0.4,sole ownership,1970/ 1981,2011,1959,8163,NA,75.5,NA,NA,24.3,0.2,2,"Schwarztorstrasse 48, Bern, Switzerland",Schwarztorstrasse 48,"Schwarztorstrasse 48, Bern, Switzerland",46.9446123,7.4323536,NA,NA,NA,NA,NA
SPSN_024,SPSN,Swiss Prime Site AG,2025-12-31,"Viktoriastrasse 21, 21a, 21b/Schönburg",Bern,"Berne, Viktoriastrasse 21, 21a, 21b/Schönburg",6624,1.9,sole ownership,2020,2020,14036,20479,8.1,NA,35.3,NA,1.3,55.3,2,"Viktoriastrasse 21, 21a, 21b/Schönburg, Bern, Switzerland","Viktoriastrasse 21, 21a, 21b","Viktoriastrasse 21, 21a, 21b, Bern, Switzerland",46.953323,7.4576207,Viktoriastrasse 21,"Viktoriastrasse 21, Bern, Switzerland",Viktoriastrasse 21,"Viktoriastrasse 21, Bern, Switzerland",NA
SPSN_025,SPSN,Swiss Prime Site AG,2025-12-31,Wankdorfallee 4/EspacePost,Bern,"Berne, Wankdorfallee 4/EspacePost",8539,NA,sole ownership land lease,1975/ 2014,NA,5244,33647,NA,94.2,NA,NA,4.9,0.9,2,"Wankdorfallee 4/EspacePost, Bern, Switzerland",Wankdorfallee 4,"Wankdorfallee 4, Bern, Switzerland",46.9673404,7.4614328,NA,NA,NA,NA,NA
SPSN_026,SPSN,Swiss Prime Site AG,2025-12-31,Weltpoststrasse 5,Bern,"Berne, Weltpoststrasse 5",6147,6.8,sole ownership land lease,1985,2013,19374,25362,NA,71.5,2.3,NA,25.2,1,2,"Weltpoststrasse 5, Bern, Switzerland",Weltpoststrasse 5,"Weltpoststrasse 5, Bern, Switzerland",46.9389228,7.4750987,NA,NA,NA,NA,NA
SPSN_027,SPSN,Swiss Prime Site AG,2025-12-31,Avenue Cardinal-Mermillod 36–441,Carouge,"Carouge, Avenue Cardinal-Mermillod 36–441",6021,2.6,sole property ownership freehold and,1956,2002,14372,35075,22.8,56.8,3.5,NA,15.8,1.1,2,"Avenue Cardinal-Mermillod 36–441, Carouge, Switzerland",Avenue Cardinal-Mermillod 36–441,"Avenue Cardinal-Mermillod 36–441, Carouge, Switzerland",46.1875364,6.1416593,NA,NA,NA,NA,NA
SPSN_028,SPSN,Swiss Prime Site AG,2025-12-31,Rue Antoine-Jolivet 7,Carouge,"Carouge, Rue Antoine-Jolivet 7",315,NA,co-ownership land lease,1975,NA,3693,3515,NA,NA,5,NA,26.1,68.9,2,"Rue Antoine-Jolivet 7, Carouge, Switzerland",Rue Antoine-Jolivet 7,"Rue Antoine-Jolivet 7, Carouge, Switzerland",46.1846846,6.1290911,NA,NA,NA,NA,NA
SPSN_029,SPSN,Swiss Prime Site AG,2025-12-31,Route Cantonale 11,Conthey,"Conthey, Route Cantonale 11",1545,4.1,sole ownership land lease,2002,NA,10537,7296,62.1,20.5,0.7,NA,14,2.7,2,"Route Cantonale 11, Conthey, Switzerland",Route Cantonale 11,"Route Cantonale 11, Conthey, Switzerland",46.2250933,7.2975099,NA,NA,NA,NA,NA
SPSN_030,SPSN,Swiss Prime Site AG,2025-12-31,Route Cantonale 4,Conthey,"Conthey, Route Cantonale 4",850,12.2,sole ownership land lease,2009,NA,7444,4783,79.5,NA,3.1,NA,16.5,0.9,2,"Route Cantonale 4, Conthey, Switzerland",Route Cantonale 4,"Route Cantonale 4, Conthey, Switzerland",46.2244745,7.2952972,NA,NA,NA,NA,NA
SPSN_031,SPSN,Swiss Prime Site AG,2025-12-31,Centre Rhône-Fusterie,Genève,"Geneva, Centre Rhône-Fusterie",5500,NA,freehold property,1990,NA,2530,11157,76.4,NA,NA,NA,23.6,NA,2,"Centre Rhône-Fusterie, Genève, Switzerland",Centre Rhône-Fusterie,"Centre Rhône-Fusterie, Genève, Switzerland",46.2041169,6.1448201,Centre Rhône-Fusterie,"Centre Rhône-Fusterie, Genève, Switzerland",Centre Rhône-Fusterie,"Centre Rhône-Fusterie, Genève, Switzerland","Rue du Rhône 8, Genève, Switzerland"
SPSN_032,SPSN,Swiss Prime Site AG,2025-12-31,Place du Molard 2–41,Genève,"Geneva, Place du Molard 2–41",6442,2,NA,1690,2002,1718,7263,38.2,56.5,0.5,NA,4.1,0.7,2,"Place du Molard 2–41, Genève, Switzerland",Place du Molard 2–41,"Place du Molard 2–41, Genève, Switzerland",46.2033621,6.1478511,NA,NA,NA,NA,NA
SPSN_033,SPSN,Swiss Prime Site AG,2025-12-31,Route de Malagnou 6/Rue Michel-Chauvet 7,Genève,"Geneva, Route de Malagnou 6/Rue Michel-Chauvet 7",820,24.3,sole ownership,1969,1989,1321,1656,2.1,45.7,11.4,NA,5.7,35.1,3,"Route de Malagnou 6/Rue Michel-Chauvet 7, Genève, Switzerland",Route de Malagnou 6/Rue Michel-Chauvet 7,"Route de Malagnou 6/Rue Michel-Chauvet 7, Genève, Switzerland",46.1983471,6.1573762,Route de Malagnou 6,"Route de Malagnou 6, Genève, Switzerland",Route de Malagnou 6,"Route de Malagnou 6, Genève, Switzerland",NA
SPSN_034,SPSN,Swiss Prime Site AG,2025-12-31,Route de Meyrin 491,Genève,"Geneva, Route de Meyrin 491",1321,NA,sole ownership,1974/ 1987,NA,9890,10263,NA,85.4,NA,NA,12.8,1.8,3,"Route de Meyrin 491, Genève, Switzerland",Route de Meyrin 491,"Route de Meyrin 491, Genève, Switzerland",46.2335665,6.0554736,NA,NA,NA,NA,NA
SPSN_035,SPSN,Swiss Prime Site AG,2025-12-31,Rue de la Croix-d'Or 7/Rue Neuve-du-Molard 4–6,Genève,"Geneva, Rue de la Croix-d'Or 7/Rue Neuve-du-Molard 4–6",2404,6.7,sole sole ownership ownership,1985,1994,591,3512,37.5,24.1,0.5,NA,3.9,34,3,"Rue de la Croix-d'Or 7/Rue Neuve-du-Molard 4–6, Genève, Switzerland",Rue de la Croix-d'Or 7/Rue Neuve-du-Molard 4–6,"Rue de la Croix-d'Or 7/Rue Neuve-du-Molard 4–6, Genève, Switzerland",46.2029947,6.1483577,Rue de la Croix-d'Or 7,"Rue de la Croix-d'Or 7, Genève, Switzerland",Rue de la Croix-d'Or 7,"Rue de la Croix-d'Or 7, Genève, Switzerland",NA
SPSN_036,SPSN,Swiss Prime Site AG,2025-12-31,"Place des Alpes 1, Rue des Alpes 4, 6",Genève,"Geneva, Place des Alpes 1, Rue des Alpes 4, 6",2697,NA,01.04.2025 bought,1919,2001,1439,10076,NA,100,NA,NA,NA,NA,3,"Place des Alpes 1, Rue des Alpes 4, 6, Genève, Switzerland","Place des Alpes 1, Rue des Alpes 4, 6","Place des Alpes 1, Rue des Alpes 4, 6, Genève, Switzerland",46.2093951,6.1466976,"Place des Alpes 1, Rue des Alpes 4","Place des Alpes 1, Rue des Alpes 4, Genève, Switzerland","Place des Alpes 1, Rue des Alpes 4","Place des Alpes 1, Rue des Alpes 4, Genève, Switzerland","Place des Alpes 1, Genève, Switzerland"
SPSN_037,SPSN,Swiss Prime Site AG,2025-12-31,Rue des Alpes 5,Genève,"Geneva, Rue des Alpes 5",960,3,sole ownership,1860,NA,706,2617,9.4,37.3,1.4,NA,1,50.9,3,"Rue des Alpes 5, Genève, Switzerland",Rue des Alpes 5,"Rue des Alpes 5, Genève, Switzerland",46.208205,6.1480233,NA,NA,NA,NA,NA
SPSN_038,SPSN,Swiss Prime Site AG,2025-12-31,Rue du Rhône 48–501,Genève,"Geneva, Rue du Rhône 48–501",18155,2.5,sole ownership,1921,2002,5166,33279,44.1,33.6,7.2,NA,12.9,2.2,3,"Rue du Rhône 48–501, Genève, Switzerland",Rue du Rhône 48–501,"Rue du Rhône 48–501, Genève, Switzerland",46.2043494,6.14673,NA,NA,NA,NA,NA
SPSN_039,SPSN,Swiss Prime Site AG,2025-12-31,Route des Jeunes 10/CCL La Praille,Grand-Lancy,"Grand-Lancy, Route des Jeunes 10/CCL La Praille",14855,3.2,sole ownership land lease,2002,NA,20597,35699,51.9,0.7,29.2,NA,16.4,1.8,3,"Route des Jeunes 10/CCL La Praille, Grand-Lancy, Switzerland",Route des Jeunes 10,"Route des Jeunes 10, Grand-Lancy, Switzerland",46.1796749,6.1276498,NA,NA,NA,NA,NA
SPSN_040,SPSN,Swiss Prime Site AG,2025-12-31,Route des Jeunes 12,Grand-Lancy,"Grand-Lancy, Route des Jeunes 12",2029,7.1,sole ownership land lease,2003,NA,5344,12665,0.2,40.6,45.1,NA,14.1,NA,3,"Route des Jeunes 12, Grand-Lancy, Switzerland",Route des Jeunes 12,"Route des Jeunes 12, Grand-Lancy, Switzerland",46.1792027,6.1270456,NA,NA,NA,NA,NA
SPSN_041,SPSN,Swiss Prime Site AG,2025-12-31,Gurnigelstrasse 38,Heimberg,"Heimberg, Gurnigelstrasse 38",581,0.1,sole sole ownership land ownership lease,2000,NA,7484,1572,82.1,2.8,NA,NA,8.6,6.5,3,"Gurnigelstrasse 38, Heimberg, Switzerland",Gurnigelstrasse 38,"Gurnigelstrasse 38, Heimberg, Switzerland",46.7811434,7.6040202,NA,NA,NA,NA,NA
SPSN_042,SPSN,Swiss Prime Site AG,2025-12-31,"Esplanade de Pont-Rouge 5, 7, 9/Alto Pont-Rouge",Lancy,"Lancy, Esplanade de Pont-Rouge 5, 7, 9/Alto Pont-Rouge",15336,34.1,co-ownership with 14/100,2024,NA,5170,31783,10.9,78.9,NA,NA,10.2,NA,3,"Esplanade de Pont-Rouge 5, 7, 9/Alto Pont-Rouge, Lancy, Switzerland","Esplanade de Pont-Rouge 5, 7, 9","Esplanade de Pont-Rouge 5, 7, 9, Lancy, Switzerland",46.1863736,6.1270061,Esplanade de Pont-Rouge 5,"Esplanade de Pont-Rouge 5, Lancy, Switzerland",Esplanade de Pont-Rouge 5,"Esplanade de Pont-Rouge 5, Lancy, Switzerland",NA
SPSN_043,SPSN,Swiss Prime Site AG,2025-12-31,Rue de Sébeillon 9/Sébeillon Centre,Lausanne,"Lausanne, Rue de Sébeillon 9/Sébeillon Centre",1094,0.4,sole ownership,1930,2001,2923,10113,8.4,54.1,NA,NA,36.1,1.4,3,"Rue de Sébeillon 9/Sébeillon Centre, Lausanne, Switzerland",Rue de Sébeillon 9,"Rue de Sébeillon 9, Lausanne, Switzerland",46.5233176,6.6158781,NA,NA,NA,NA,NA
SPSN_044,SPSN,Swiss Prime Site AG,2025-12-31,Rue du Pont 51,Lausanne,"Lausanne, Rue du Pont 51",7146,0.1,sole ownership,1910,2004,3884,20805,50.5,23.3,9.2,NA,15.3,1.7,3,"Rue du Pont 51, Lausanne, Switzerland",Rue du Pont 51,"Rue du Pont 51, Lausanne, Switzerland",46.5212745,6.6333323,NA,NA,NA,NA,NA
SPSN_045,SPSN,Swiss Prime Site AG,2025-12-31,Route de l'Ancienne Ciblerie 2,Lutry,"Lutry, Route de l'Ancienne Ciblerie 2",1361,NA,freehold property,2006,NA,13150,3271,69.4,7.6,2.1,NA,18.1,2.8,3,"Route de l'Ancienne Ciblerie 2, Lutry, Switzerland",Route de l'Ancienne Ciblerie 2,"Route de l'Ancienne Ciblerie 2, Lutry, Switzerland",46.5058318,6.688538,NA,NA,NA,NA,NA
SPSN_046,SPSN,Swiss Prime Site AG,2025-12-31,Kreuzbuchstrasse 33/35,Luzern,"Lucerne, Kreuzbuchstrasse 33/35",2003,NA,sole ownership land lease,2010,NA,14402,10533,NA,NA,NA,100,NA,NA,3,"Kreuzbuchstrasse 33/35, Luzern, Switzerland",Kreuzbuchstrasse 33/35,"Kreuzbuchstrasse 33/35, Luzern, Switzerland",47.0543487,8.3415482,NA,NA,NA,NA,NA
SPSN_047,SPSN,Swiss Prime Site AG,2025-12-31,Langensandstrasse 23/Schönbühl,Luzern,"Lucerne, Langensandstrasse 23/Schönbühl",2981,5.5,sole ownership,1969,2007,20150,9433,65.3,10.8,1.9,NA,21.5,0.5,3,"Langensandstrasse 23/Schönbühl, Luzern, Switzerland",Langensandstrasse 23,"Langensandstrasse 23, Luzern, Switzerland",47.0371524,8.3283169,NA,NA,NA,NA,NA
SPSN_048,SPSN,Swiss Prime Site AG,2025-12-31,Pilatusstrasse 4/Flora,Luzern,"Lucerne, Pilatusstrasse 4/Flora",3839,NA,freehold property,1979,2008,4376,9906,69.6,12.1,NA,NA,15,3.3,3,"Pilatusstrasse 4/Flora, Luzern, Switzerland",Pilatusstrasse 4,"Pilatusstrasse 4, Luzern, Switzerland",47.0750725,8.2826508,NA,NA,NA,NA,NA
SPSN_049,SPSN,Swiss Prime Site AG,2025-12-31,Schwanenplatz 3,Luzern,"Lucerne, Schwanenplatz 3",793,NA,sole ownership,1958,2004,250,1512,10.8,62.6,NA,NA,18.7,7.9,3,"Schwanenplatz 3, Luzern, Switzerland",Schwanenplatz 3,"Schwanenplatz 3, Luzern, Switzerland",47.0533514,8.3086325,NA,NA,NA,NA,NA
SPSN_050,SPSN,Swiss Prime Site AG,2025-12-31,Schweizerhofquai 6/Gotthardgebäude,Luzern,"Lucerne, Schweizerhofquai 6/Gotthardgebäude",2269,NA,sole ownership,1889,2002,2479,7261,6.8,87.9,NA,NA,5.3,NA,3,"Schweizerhofquai 6/Gotthardgebäude, Luzern, Switzerland",Schweizerhofquai 6,"Schweizerhofquai 6, Luzern, Switzerland",47.0550358,8.3120768,NA,NA,NA,NA,NA
SPSN_051,SPSN,Swiss Prime Site AG,2025-12-31,"Weggisgasse 20, 22",Luzern,"Lucerne, Weggisgasse 20, 22",688,NA,sole ownership,1982,NA,228,1285,76.8,NA,NA,NA,23.2,NA,3,"Weggisgasse 20, 22, Luzern, Switzerland","Weggisgasse 20, 22","Weggisgasse 20, 22, Luzern, Switzerland",47.0532129,8.3064005,Weggisgasse 20,"Weggisgasse 20, Luzern, Switzerland",Weggisgasse 20,"Weggisgasse 20, Luzern, Switzerland",NA
SPSN_052,SPSN,Swiss Prime Site AG,2025-12-31,Chemin de Riantbosson 19/Riantbosson Centre,Meyrin,"Meyrin, Chemin de Riantbosson 19/Riantbosson Centre",2628,19.4,sole ownership,2018,NA,4414,7485,33.9,37.3,9.9,NA,15.9,3,3,"Chemin de Riantbosson 19/Riantbosson Centre, Meyrin, Switzerland",Chemin de Riantbosson 19,"Chemin de Riantbosson 19, Meyrin, Switzerland",46.2271886,6.0859862,NA,NA,NA,NA,NA
SPSN_053,SPSN,Swiss Prime Site AG,2025-12-31,Rue de Venise 5–7/Avenue de la Plantaud 4,Monthey,"Monthey, Rue de Venise 5–7/Avenue de la Plantaud 4",1397,NA,sole ownership,2021,NA,1785,3649,NA,NA,NA,100,NA,NA,3,"Rue de Venise 5–7/Avenue de la Plantaud 4, Monthey, Switzerland",Rue de Venise 5–7/Avenue de la Plantaud 4,"Rue de Venise 5–7/Avenue de la Plantaud 4, Monthey, Switzerland",46.251046,6.9489273,Rue de Venise 5,"Rue de Venise 5, Monthey, Switzerland",Rue de Venise 5,"Rue de Venise 5, Monthey, Switzerland",NA
SPSN_054,SPSN,Swiss Prime Site AG,2025-12-31,Genuastrasse 11,Münchenstein,"Münchenstein, Genuastrasse 11",1559,NA,sole ownership land lease,1993,NA,7550,9999,NA,24.6,NA,NA,74.7,0.7,3,"Genuastrasse 11, Münchenstein, Switzerland",Genuastrasse 11,"Genuastrasse 11, Münchenstein, Switzerland",47.5310963,7.6098676,NA,NA,NA,NA,NA
SPSN_055,SPSN,Swiss Prime Site AG,2025-12-31,Helsinkistrasse 12,Münchenstein,"Münchenstein, Helsinkistrasse 12",500,NA,sole ownership land lease,1998,NA,4744,6592,NA,1.4,NA,NA,98.6,NA,3,"Helsinkistrasse 12, Münchenstein, Switzerland",Helsinkistrasse 12,"Helsinkistrasse 12, Münchenstein, Switzerland",47.5320424,7.6088254,NA,NA,NA,NA,NA
SPSN_056,SPSN,Swiss Prime Site AG,2025-12-31,Spitalweidstrasse 1/shopping centre a1,Oftringen,"Oftringen, Spitalweidstrasse 1/shopping centre a1",3660,0.2,sole ownership,2020,2020,38640,23888,78.3,NA,0.5,NA,20.4,0.8,3,"Spitalweidstrasse 1/shopping centre a1, Oftringen, Switzerland",Spitalweidstrasse 1/shopping centre a1,"Spitalweidstrasse 1/shopping centre a1, Oftringen, Switzerland",47.3063401,7.9262871,Spitalweidstrasse 1,"Spitalweidstrasse 1, Oftringen, Switzerland",Spitalweidstrasse 1,"Spitalweidstrasse 1, Oftringen, Switzerland",NA
SPSN_057,SPSN,Swiss Prime Site AG,2025-12-31,Bahnhofquai 18,Olten,"Olten, Bahnhofquai 18",1703,0.7,sole ownership,1996,NA,2553,5134,NA,93.6,NA,NA,6.4,NA,3,"Bahnhofquai 18, Olten, Switzerland",Bahnhofquai 18,"Bahnhofquai 18, Olten, Switzerland",47.3505683,7.9064993,NA,NA,NA,NA,NA
SPSN_058,SPSN,Swiss Prime Site AG,2025-12-31,Bahnhofquai 20,Olten,"Olten, Bahnhofquai 20",2129,1.1,sole ownership,1999,NA,1916,7423,NA,84.8,NA,NA,14.4,0.8,3,"Bahnhofquai 20, Olten, Switzerland",Bahnhofquai 20,"Bahnhofquai 20, Olten, Switzerland",47.3504363,7.9062297,NA,NA,NA,NA,NA
SPSN_059,SPSN,Swiss Prime Site AG,2025-12-31,Frohburgstrasse 1,Olten,"Olten, Frohburgstrasse 1",309,8.5,sole ownership,1899,2009,379,1199,NA,78.3,NA,NA,21.7,NA,3,"Frohburgstrasse 1, Olten, Switzerland",Frohburgstrasse 1,"Frohburgstrasse 1, Olten, Switzerland",47.3520029,7.9041973,NA,NA,NA,NA,NA
SPSN_060,SPSN,Swiss Prime Site AG,2025-12-31,Frohburgstrasse 15,Olten,"Olten, Frohburgstrasse 15",584,4.6,sole ownership,1961,1998,596,1866,NA,78.6,NA,NA,21.4,NA,3,"Frohburgstrasse 15, Olten, Switzerland",Frohburgstrasse 15,"Frohburgstrasse 15, Olten, Switzerland",47.3519554,7.9034163,NA,NA,NA,NA,NA
SPSN_061,SPSN,Swiss Prime Site AG,2025-12-31,"Müllackerstrasse 2, 4/Bubenholz",Opfikon,"Opfikon, Müllackerstrasse 2, 4/Bubenholz",2172,NA,sole ownership,2015,NA,6159,10802,NA,NA,NA,100,NA,NA,3,"Müllackerstrasse 2, 4/Bubenholz, Opfikon, Switzerland","Müllackerstrasse 2, 4","Müllackerstrasse 2, 4, Opfikon, Switzerland",47.4336607,8.5699976,Müllackerstrasse 2,"Müllackerstrasse 2, Opfikon, Switzerland",Müllackerstrasse 2,"Müllackerstrasse 2, Opfikon, Switzerland",NA
SPSN_062,SPSN,Swiss Prime Site AG,2025-12-31,Industriestrasse 19/21,Otelfingen,"Otelfingen, Industriestrasse 19/21",8036,9.2,sole ownership,1965,2000,101924,78769,NA,15.8,NA,NA,80.9,3.3,3,"Industriestrasse 19/21, Otelfingen, Switzerland",Industriestrasse 19/21,"Industriestrasse 19/21, Otelfingen, Switzerland",47.4573187,8.4014405,NA,NA,NA,NA,NA
SPSN_063,SPSN,Swiss Prime Site AG,2025-12-31,Industriestrasse 31,Otelfingen,"Otelfingen, Industriestrasse 31",961,0.3,sole ownership,1986,1993,12135,11796,NA,31.3,0.4,NA,66.3,2,3,"Industriestrasse 31, Otelfingen, Switzerland",Industriestrasse 31,"Industriestrasse 31, Otelfingen, Switzerland",47.4563993,8.4005768,NA,NA,NA,NA,NA
SPSN_064,SPSN,Swiss Prime Site AG,2025-12-31,Industriestrasse 35,Otelfingen,"Otelfingen, Industriestrasse 35",244,27.9,sole sole ownership ownership,1985,NA,3237,2980,NA,18.8,NA,NA,56.4,24.8,3,"Industriestrasse 35, Otelfingen, Switzerland",Industriestrasse 35,"Industriestrasse 35, Otelfingen, Switzerland",47.4571242,8.4006055,NA,NA,NA,NA,NA
SPSN_065,SPSN,Swiss Prime Site AG,2025-12-31,"Riva Paradiso 3, 20/Du Lac",Paradiso,"Paradiso, Riva Paradiso 3, 20/Du Lac",3317,NA,partial lease land,2024,NA,3086,8337,NA,NA,NA,100,NA,NA,3,"Riva Paradiso 3, 20/Du Lac, Paradiso, Switzerland","Riva Paradiso 3, 20","Riva Paradiso 3, 20, Paradiso, Switzerland",45.9834424,8.956559,Riva Paradiso 3,"Riva Paradiso 3, Paradiso, Switzerland",Riva Paradiso 3,"Riva Paradiso 3, Paradiso, Switzerland",NA
SPSN_066,SPSN,Swiss Prime Site AG,2025-12-31,Route de Bussy 2,Payerne,"Payerne, Route de Bussy 2",1273,NA,sole ownership,2006,NA,12400,6052,83.6,4.3,NA,NA,10.9,1.2,3,"Route de Bussy 2, Payerne, Switzerland",Route de Bussy 2,"Route de Bussy 2, Payerne, Switzerland",46.8242093,6.928549,NA,NA,NA,NA,NA
SPSN_067,SPSN,Swiss Prime Site AG,2025-12-31,Route de Chancy 59,Petit-Lancy,"Petit-Lancy, Route de Chancy 59",6928,17.4,sole ownership,1990,NA,13052,22844,NA,70.2,6.3,NA,21.7,1.8,3,"Route de Chancy 59, Petit-Lancy, Switzerland",Route de Chancy 59,"Route de Chancy 59, Petit-Lancy, Switzerland",46.1877509,6.1129671,NA,NA,NA,NA,NA
SPSN_068,SPSN,Swiss Prime Site AG,2025-12-31,Huobstrasse 5,Pfäffikon SZ,"Pfäffikon SZ, Huobstrasse 5",2982,NA,sole sole ownership ownership,2004,NA,7005,11660,NA,NA,NA,100,NA,NA,3,"Huobstrasse 5, Pfäffikon SZ, Switzerland",Huobstrasse 5,"Huobstrasse 5, Pfäffikon SZ, Switzerland",47.2006239,8.7818946,NA,NA,NA,NA,NA
SPSN_069,SPSN,Swiss Prime Site AG,2025-12-31,Route des Flumeaux 46/48,Prilly,"Prilly, Route des Flumeaux 46/48",1781,NA,19.08.2025 bought,2022,NA,9895,13290,NA,92.7,NA,NA,7.3,NA,3,"Route des Flumeaux 46/48, Prilly, Switzerland",Route des Flumeaux 46/48,"Route des Flumeaux 46/48, Prilly, Switzerland",46.531758,6.6040986,NA,NA,NA,NA,NA
SPSN_070,SPSN,Swiss Prime Site AG,2025-12-31,"Gartenstrasse 7, 17/Etzelblick 4",Richterswil,"Richterswil, Gartenstrasse 7, 17/Etzelblick 4",2225,NA,sole ownership,2022,NA,6417,8167,NA,NA,NA,100,NA,NA,3,"Gartenstrasse 7, 17/Etzelblick 4, Richterswil, Switzerland","Gartenstrasse 7, 17/Etzelblick 4","Gartenstrasse 7, 17/Etzelblick 4, Richterswil, Switzerland",47.2059866,8.7090514,Gartenstrasse 7,"Gartenstrasse 7, Richterswil, Switzerland",Gartenstrasse 7,"Gartenstrasse 7, Richterswil, Switzerland",NA
SPSN_071,SPSN,Swiss Prime Site AG,2025-12-31,Zürcherstrasse 39/JED,Schlieren,"Schlieren, Zürcherstrasse 39/JED",7364,5.4,sole ownership,2003,2021,18845,24649,NA,76.7,8.3,NA,8.7,6.3,4,"Zürcherstrasse 39/JED, Schlieren, Switzerland",Zürcherstrasse 39,"Zürcherstrasse 39, Schlieren, Switzerland",47.3993744,8.454273,NA,NA,NA,NA,NA
SPSN_072,SPSN,Swiss Prime Site AG,2025-12-31,Zürcherstrasse 39/JED Neubau2,Schlieren,"Schlieren, Zürcherstrasse 39/JED Neubau2",4538,1.9,sole ownership,2025,NA,7897,14125,NA,52.8,NA,NA,37.7,9.5,4,"Zürcherstrasse 39/JED Neubau2, Schlieren, Switzerland",Zürcherstrasse 39/JED Neubau2,"Zürcherstrasse 39/JED Neubau2, Schlieren, Switzerland",47.3993744,8.454273,Zürcherstrasse 39,"Zürcherstrasse 39, Schlieren, Switzerland",Zürcherstrasse 39,"Zürcherstrasse 39, Schlieren, Switzerland",NA
SPSN_073,SPSN,Swiss Prime Site AG,2025-12-31,Industriestrasse/Tivoli,Spreitenbach,"Spreitenbach, Industriestrasse/Tivoli",534,NA,freehold property,1974,2010,25780,980,87.2,NA,NA,NA,12.8,NA,4,"Industriestrasse/Tivoli, Spreitenbach, Switzerland",Industriestrasse,"Industriestrasse, Spreitenbach, Switzerland",47.4161188,8.3815227,NA,NA,NA,NA,NA
SPSN_074,SPSN,Swiss Prime Site AG,2025-12-31,Pfadackerstrasse 6/Limmatpark1,Spreitenbach,"Spreitenbach, Pfadackerstrasse 6/Limmatpark1",2301,NA,sole sole ownership ownership,1972,2003,10318,28438,62.5,27.1,NA,NA,7.4,3,4,"Pfadackerstrasse 6/Limmatpark1, Spreitenbach, Switzerland",Pfadackerstrasse 6/Limmatpark1,"Pfadackerstrasse 6/Limmatpark1, Spreitenbach, Switzerland",47.4245862,8.3710654,Pfadackerstrasse 6,"Pfadackerstrasse 6, Spreitenbach, Switzerland",Pfadackerstrasse 6,"Pfadackerstrasse 6, Spreitenbach, Switzerland",NA
SPSN_075,SPSN,Swiss Prime Site AG,2025-12-31,Zürcherstrasse 462–464/Shopping Arena,St. Gallen,"St. Gallen, Zürcherstrasse 462–464/Shopping Arena",16213,0.8,parking co-ownership 73/100,2008,NA,33106,39231,56.4,9.9,9.3,NA,21.8,2.6,4,"Zürcherstrasse 462–464/Shopping Arena, St. Gallen, Switzerland",Zürcherstrasse 462–464,"Zürcherstrasse 462–464, St. Gallen, Switzerland",47.4075768,9.2964245,NA,NA,NA,NA,NA
SPSN_076,SPSN,Swiss Prime Site AG,2025-12-31,Rue de Genève 104–108,Thônex,"Thônex, Rue de Genève 104–108",4888,0.8,sole ownership,2008,NA,9224,11456,54.7,3.1,3.5,NA,13,25.7,4,"Rue de Genève 104–108, Thônex, Switzerland",Rue de Genève 104–108,"Rue de Genève 104–108, Thônex, Switzerland",46.1922118,6.2055099,NA,NA,NA,NA,NA
SPSN_077,SPSN,Swiss Prime Site AG,2025-12-31,Bälliz 67,Thun,"Thun, Bälliz 67",697,0.3,sole ownership,1953,2001,875,3538,18,66.9,1.8,NA,10,3.3,4,"Bälliz 67, Thun, Switzerland",Bälliz 67,"Bälliz 67, Thun, Switzerland",46.757521,7.6299485,NA,NA,NA,NA,NA
SPSN_078,SPSN,Swiss Prime Site AG,2025-12-31,"Göttibachweg 2–2e, 4, 6, 8",Thun,"Thun, Göttibachweg 2–2e, 4, 6, 8",2366,NA,sole ownership land lease,2003,NA,14520,11556,NA,NA,NA,100,NA,NA,4,"Göttibachweg 2–2e, 4, 6, 8, Thun, Switzerland","Göttibachweg 2–2e, 4, 6, 8","Göttibachweg 2–2e, 4, 6, 8, Thun, Switzerland",46.7556896,7.6353596,Göttibachweg 2,"Göttibachweg 2, Thun, Switzerland",Göttibachweg 2,"Göttibachweg 2, Thun, Switzerland",NA
SPSN_079,SPSN,Swiss Prime Site AG,2025-12-31,Chemin de l'Etang 72/Patio Plaza,Vernier,"Vernier, Chemin de l'Etang 72/Patio Plaza",3638,20.5,sole ownership,2000/ 1999/ 2007,NA,10170,13193,NA,83.3,NA,NA,15.8,0.9,4,"Chemin de l'Etang 72/Patio Plaza, Vernier, Switzerland",Chemin de l'Etang 72,"Chemin de l'Etang 72, Vernier, Switzerland",46.2137975,6.1078219,NA,NA,NA,NA,NA
SPSN_080,SPSN,Swiss Prime Site AG,2025-12-31,"Theaterstrasse 15a-c, 17",Winterthur,"Winterthur, Theaterstrasse 15a-c, 17",8468,4.2,sole ownership,2004,2023,15069,36820,NA,70.8,0.5,NA,26,2.7,4,"Theaterstrasse 15a-c, 17, Winterthur, Switzerland","Theaterstrasse 15a-c, 17","Theaterstrasse 15a-c, 17, Winterthur, Switzerland",47.5032776,8.726559,"Theaterstrasse 15a-c, 17","Theaterstrasse 15a-c, 17, Winterthur, Switzerland","Theaterstrasse 15a-c, 17","Theaterstrasse 15a-c, 17, Winterthur, Switzerland","Theaterstrasse 15, Winterthur, Switzerland"
SPSN_081,SPSN,Swiss Prime Site AG,2025-12-31,Alte Tiefenaustrasse 6,Worblaufen,"Worblaufen, Alte Tiefenaustrasse 6",7836,NA,sole ownership,1999,NA,21804,37170,NA,87.4,NA,NA,12.6,NA,4,"Alte Tiefenaustrasse 6, Worblaufen, Switzerland",Alte Tiefenaustrasse 6,"Alte Tiefenaustrasse 6, Worblaufen, Switzerland",46.9804282,7.4579354,NA,NA,NA,NA,NA
SPSN_082,SPSN,Swiss Prime Site AG,2025-12-31,Industriestrasse 21,Zollikofen,"Zollikofen, Industriestrasse 21",1674,NA,sole ownership,1984/ 2003,2016,2906,7263,NA,73.6,3.1,NA,23.3,NA,4,"Industriestrasse 21, Zollikofen, Switzerland",Industriestrasse 21,"Industriestrasse 21, Zollikofen, Switzerland",47.0047458,7.465204,NA,NA,NA,NA,NA
SPSN_083,SPSN,Swiss Prime Site AG,2025-12-31,Forchstrasse 452–456,Zollikon,"Zollikon, Forchstrasse 452–456",663,NA,sole ownership,1998,NA,2626,2251,NA,68.4,NA,NA,31.6,NA,4,"Forchstrasse 452–456, Zollikon, Switzerland",Forchstrasse 452–456,"Forchstrasse 452–456, Zollikon, Switzerland",47.3458002,8.59036,NA,NA,NA,NA,NA
SPSN_084,SPSN,Swiss Prime Site AG,2025-12-31,"Opus Zählerweg 1 4, 6/Dammstrasse 19/Landis+Gyr-Strasse 3/",Zug,"Zug, Opus Zählerweg 1 4, 6/Dammstrasse 19/Landis+Gyr-Strasse 3/",6342,0.4,sole ownership,2002,NA,7400,16035,NA,90.5,NA,NA,9.5,NA,4,"Opus Zählerweg 1 4, 6/Dammstrasse 19/Landis+Gyr-Strasse 3/, Zug, Switzerland","Opus Zählerweg 1 4, 6/Dammstrasse 19/Landis+Gyr-Strasse 3/","Opus Zählerweg 1 4, 6/Dammstrasse 19/Landis+Gyr-Strasse 3/, Zug, Switzerland",47.1763182,8.5144804,Opus Zählerweg 1 4,"Opus Zählerweg 1 4, Zug, Switzerland",Opus Zählerweg 1 4,"Opus Zählerweg 1 4, Zug, Switzerland","Dammstrasse 19, Zug, Switzerland"
SPSN_085,SPSN,Swiss Prime Site AG,2025-12-31,"Zählerweg 8, 10/Dammstrasse 21, 23/Opus 2",Zug,"Zug, Zählerweg 8, 10/Dammstrasse 21, 23/Opus 2",8116,0.6,sole ownership,2003,NA,8981,20089,NA,91.3,NA,NA,8.7,NA,4,"Zählerweg 8, 10/Dammstrasse 21, 23/Opus 2, Zug, Switzerland","Zählerweg 8, 10/Dammstrasse 21, 23/Opus 2","Zählerweg 8, 10/Dammstrasse 21, 23/Opus 2, Zug, Switzerland",47.1768571,8.5133965,Zählerweg 8,"Zählerweg 8, Zug, Switzerland",Zählerweg 8,"Zählerweg 8, Zug, Switzerland",NA
SPSN_086,SPSN,Swiss Prime Site AG,2025-12-31,Affolternstrasse 52/MFO building,Zürich,"Zurich, Affolternstrasse 52/MFO building",338,NA,sole ownership,1889,2025,1367,2851,NA,66.1,7,NA,17.4,9.5,4,"Affolternstrasse 52/MFO building, Zürich, Switzerland",Affolternstrasse 52,"Affolternstrasse 52, Zürich, Switzerland",47.4105575,8.5403118,NA,NA,NA,NA,NA
SPSN_087,SPSN,Swiss Prime Site AG,2025-12-31,"Affolternstrasse 54, 56/Cityport",Zürich,"Zurich, Affolternstrasse 54, 56/Cityport",9632,0.2,sole ownership,2001,NA,9830,23529,NA,92,NA,NA,7.7,0.3,4,"Affolternstrasse 54, 56/Cityport, Zürich, Switzerland","Affolternstrasse 54, 56","Affolternstrasse 54, 56, Zürich, Switzerland",47.41176,8.5297242,Affolternstrasse 54,"Affolternstrasse 54, Zürich, Switzerland",Affolternstrasse 54,"Affolternstrasse 54, Zürich, Switzerland",NA
SPSN_088,SPSN,Swiss Prime Site AG,2025-12-31,Albisriederstrasse/Rütiwiesweg/YOND,Zürich,"Zurich, Albisriederstrasse/Rütiwiesweg/YOND",5672,0.1,sole ownership,2019,NA,9021,18547,4.4,89.2,NA,NA,6.4,NA,4,"Albisriederstrasse/Rütiwiesweg/YOND, Zürich, Switzerland",Albisriederstrasse,"Albisriederstrasse, Zürich, Switzerland",47.3777658,8.5072702,NA,NA,NA,NA,NA
SPSN_089,SPSN,Swiss Prime Site AG,2025-12-31,Bahnhofstrasse 106,Zürich,"Zurich, Bahnhofstrasse 106",1670,3,sole ownership,1958,NA,200,1208,11.7,53.3,NA,NA,35,NA,4,"Bahnhofstrasse 106, Zürich, Switzerland",Bahnhofstrasse 106,"Bahnhofstrasse 106, Zürich, Switzerland",47.3765587,8.5399531,NA,NA,NA,NA,NA
SPSN_090,SPSN,Swiss Prime Site AG,2025-12-31,Bahnhofstrasse 42,Zürich,"Zurich, Bahnhofstrasse 42",3498,NA,sole ownership,1968,1990,482,2003,42.7,44.6,NA,NA,12.7,NA,4,"Bahnhofstrasse 42, Zürich, Switzerland",Bahnhofstrasse 42,"Bahnhofstrasse 42, Zürich, Switzerland",47.3717303,8.5386834,NA,NA,NA,NA,NA
SPSN_091,SPSN,Swiss Prime Site AG,2025-12-31,Bahnhofstrasse 69,Zürich,"Zurich, Bahnhofstrasse 69",1889,0.1,sole sole ownership ownership,1898,2007/ 2007,230,1129,10.8,74.5,NA,NA,14.4,0.3,4,"Bahnhofstrasse 69, Zürich, Switzerland",Bahnhofstrasse 69,"Bahnhofstrasse 69, Zürich, Switzerland",47.3740478,8.5381433,NA,NA,NA,NA,NA
SPSN_092,SPSN,Swiss Prime Site AG,2025-12-31,Bahnhofstrasse 69a,Zürich,"Zurich, Bahnhofstrasse 69a",227,NA,18.12.2025 bought,1966– 1897,2013– 2025,269,1346,46.4,51.4,NA,NA,2.2,NA,4,"Bahnhofstrasse 69a, Zürich, Switzerland",Bahnhofstrasse 69a,"Bahnhofstrasse 69a, Zürich, Switzerland",47.3741965,8.5381575,NA,NA,NA,NA,NA
SPSN_093,SPSN,Swiss Prime Site AG,2025-12-31,"Beethovenstrasse 33, Dreikönigstrasse 24",Zürich,"Zurich, Beethovenstrasse 33, Dreikönigstrasse 24",3927,NA,sole ownership,1968,2015– 2016,1347,5786,NA,85.9,2.1,NA,11,1,4,"Beethovenstrasse 33, Dreikönigstrasse 24, Zürich, Switzerland","Beethovenstrasse 33, Dreikönigstrasse 24","Beethovenstrasse 33, Dreikönigstrasse 24, Zürich, Switzerland",47.3672415,8.535742,"Beethovenstrasse 33, Dreikönigstrasse 24","Beethovenstrasse 33, Dreikönigstrasse 24, Zürich, Switzerland","Beethovenstrasse 33, Dreikönigstrasse 24","Beethovenstrasse 33, Dreikönigstrasse 24, Zürich, Switzerland","Beethovenstrasse 33, Zürich, Switzerland"
SPSN_094,SPSN,Swiss Prime Site AG,2025-12-31,Brandschenkestrasse 25,Zürich,"Zurich, Brandschenkestrasse 25",7855,NA,sole ownership,1910,2017,3902,17164,NA,NA,70.6,NA,29.4,NA,4,"Brandschenkestrasse 25, Zürich, Switzerland",Brandschenkestrasse 25,"Brandschenkestrasse 25, Zürich, Switzerland",47.3693519,8.5334758,NA,NA,NA,NA,NA
SPSN_095,SPSN,Swiss Prime Site AG,2025-12-31,Carl-Spitteler-Strasse 68/70,Zürich,"Zurich, Carl-Spitteler-Strasse 68/70",4328,NA,sole ownership,1993,NA,11732,19343,NA,NA,NA,100,NA,NA,4,"Carl-Spitteler-Strasse 68/70, Zürich, Switzerland",Carl-Spitteler-Strasse 68/70,"Carl-Spitteler-Strasse 68/70, Zürich, Switzerland",47.3568962,8.5904607,NA,NA,NA,NA,NA
SPSN_096,SPSN,Swiss Prime Site AG,2025-12-31,Etzelstrasse 14,Zürich,"Zurich, Etzelstrasse 14",1277,NA,sole ownership,2017,2013–,1809,2135,NA,NA,NA,100,NA,NA,4,"Etzelstrasse 14, Zürich, Switzerland",Etzelstrasse 14,"Etzelstrasse 14, Zürich, Switzerland",47.3446492,8.53147,NA,NA,NA,NA,NA
SPSN_097,SPSN,Swiss Prime Site AG,2025-12-31,Flurstrasse 55/Medienpark,Zürich,"Zurich, Flurstrasse 55/Medienpark",6830,2,sole ownership,1979,2015,8270,24860,1.7,68.4,4,NA,23.1,2.8,4,"Flurstrasse 55/Medienpark, Zürich, Switzerland",Flurstrasse 55,"Flurstrasse 55, Zürich, Switzerland",47.3841864,8.4949117,NA,NA,NA,NA,NA
SPSN_098,SPSN,Swiss Prime Site AG,2025-12-31,Flurstrasse 89,Zürich,"Zurich, Flurstrasse 89",531,NA,sole ownership,1949,2003,2330,3331,NA,12,NA,NA,88,NA,4,"Flurstrasse 89, Zürich, Switzerland",Flurstrasse 89,"Flurstrasse 89, Zürich, Switzerland",47.3819156,8.4926703,NA,NA,NA,NA,NA
SPSN_099,SPSN,Swiss Prime Site AG,2025-12-31,Fraumünsterstrasse 16,Zürich,"Zurich, Fraumünsterstrasse 16",1815,3.6,sole ownership,1901,2017,2475,8588,15.4,73.9,NA,NA,10.7,NA,4,"Fraumünsterstrasse 16, Zürich, Switzerland",Fraumünsterstrasse 16,"Fraumünsterstrasse 16, Zürich, Switzerland",47.3688121,8.5409873,NA,NA,NA,NA,NA
SPSN_100,SPSN,Swiss Prime Site AG,2025-12-31,Giesshübelstrasse 15,Zürich,"Zurich, Giesshübelstrasse 15",1411,1.8,sole ownership,1956,1999,1713,2854,NA,88.2,NA,NA,11.8,NA,4,"Giesshübelstrasse 15, Zürich, Switzerland",Giesshübelstrasse 15,"Giesshübelstrasse 15, Zürich, Switzerland",47.3596467,8.5230926,NA,NA,NA,NA,NA
SPSN_101,SPSN,Swiss Prime Site AG,2025-12-31,Hagenholzstrasse 60/SkyKey,Zürich,"Zurich, Hagenholzstrasse 60/SkyKey",11910,NA,sole ownership,2014,NA,9573,41251,NA,86,9.8,NA,4.2,NA,4,"Hagenholzstrasse 60/SkyKey, Zürich, Switzerland",Hagenholzstrasse 60,"Hagenholzstrasse 60, Zürich, Switzerland",47.4143518,8.5550072,NA,NA,NA,NA,NA
SPSN_102,SPSN,Swiss Prime Site AG,2025-12-31,Hardstrasse 201/Prime Tower,Zürich,"Zurich, Hardstrasse 201/Prime Tower",25167,0.1,sole ownership,1929– 2011,NA,10451,48054,0.7,87.5,5.4,NA,6.3,0.1,4,"Hardstrasse 201/Prime Tower, Zürich, Switzerland",Hardstrasse 201,"Hardstrasse 201, Zürich, Switzerland",47.3860914,8.5172706,NA,NA,NA,NA,NA
SPSN_103,SPSN,Swiss Prime Site AG,2025-12-31,Hardstrasse 219/Eventblock Maag,Zürich,"Zurich, Hardstrasse 219/Eventblock Maag",903,2.9,sole ownership,1962/ 1978,NA,9507,7183,NA,21.7,NA,NA,76.2,2.1,4,"Hardstrasse 219/Eventblock Maag, Zürich, Switzerland",Hardstrasse 219,"Hardstrasse 219, Zürich, Switzerland",47.3908705,8.5221024,NA,NA,NA,NA,NA
SPSN_104,SPSN,Swiss Prime Site AG,2025-12-31,"Josefstrasse 53, 59",Zürich,"Zurich, Josefstrasse 53, 59",4224,1,sole ownership,1972,2001,2931,12189,5.6,77.8,1.4,NA,14.7,0.5,4,"Josefstrasse 53, 59, Zürich, Switzerland","Josefstrasse 53, 59","Josefstrasse 53, 59, Zürich, Switzerland",47.3817775,8.5322477,Josefstrasse 53,"Josefstrasse 53, Zürich, Switzerland",Josefstrasse 53,"Josefstrasse 53, Zürich, Switzerland",NA
SPSN_105,SPSN,Swiss Prime Site AG,2025-12-31,Juchstrasse 3/West-Log,Zürich,"Zurich, Juchstrasse 3/West-Log",3352,8.9,sole ownership,2021,NA,7692,17393,1.3,43.3,NA,NA,54.6,0.8,4,"Juchstrasse 3/West-Log, Zürich, Switzerland",Juchstrasse 3,"Juchstrasse 3, Zürich, Switzerland",47.3918082,8.6658813,NA,NA,NA,NA,NA
SPSN_106,SPSN,Swiss Prime Site AG,2025-12-31,Jupiterstrasse 15/Böcklinstrasse 19,Zürich,"Zurich, Jupiterstrasse 15/Böcklinstrasse 19",992,NA,sole ownership,1995,1996,1630,1829,NA,NA,NA,100,NA,NA,5,"Jupiterstrasse 15/Böcklinstrasse 19, Zürich, Switzerland",Jupiterstrasse 15/Böcklinstrasse 19,"Jupiterstrasse 15/Böcklinstrasse 19, Zürich, Switzerland",47.3639039,8.5609025,Jupiterstrasse 15,"Jupiterstrasse 15, Zürich, Switzerland",Jupiterstrasse 15,"Jupiterstrasse 15, Zürich, Switzerland",NA
SPSN_107,SPSN,Swiss Prime Site AG,2025-12-31,"Regensdorferstrasse Kappenbühlweg 18a 9, 11/Holbrigstrasse 10/",Zürich,"Zurich, Regensdorferstrasse Kappenbühlweg 18a 9, 11/Holbrigstrasse 10/",3201,NA,sole ownership,1991,NA,9557,14790,NA,NA,NA,100,NA,NA,5,"Regensdorferstrasse Kappenbühlweg 18a 9, 11/Holbrigstrasse 10/, Zürich, Switzerland","Regensdorferstrasse Kappenbühlweg 18a 9, 11/Holbrigstrasse 10/","Regensdorferstrasse Kappenbühlweg 18a 9, 11/Holbrigstrasse 10/, Zürich, Switzerland",47.4035729,8.4986268,Regensdorferstrasse Kappenbühlweg 18a 9,"Regensdorferstrasse Kappenbühlweg 18a 9, Zürich, Switzerland",Regensdorferstrasse Kappenbühlweg 18a 9,"Regensdorferstrasse Kappenbühlweg 18a 9, Zürich, Switzerland","Kappenbühlweg 9, Zürich, Switzerland"
SPSN_108,SPSN,Swiss Prime Site AG,2025-12-31,Maagplatz 1/Platform,Zürich,"Zurich, Maagplatz 1/Platform",7369,NA,sole ownership,2011,NA,5907,20310,2.1,91.1,0.5,NA,6.3,NA,5,"Maagplatz 1/Platform, Zürich, Switzerland",Maagplatz 1,"Maagplatz 1, Zürich, Switzerland",47.3859319,8.516496,NA,NA,NA,NA,NA
SPSN_109,SPSN,Swiss Prime Site AG,2025-12-31,Manessestrasse 85,Zürich,"Zurich, Manessestrasse 85",2728,4.3,sole ownership,1985,2012,3284,8306,NA,71.2,NA,NA,22.8,6,5,"Manessestrasse 85, Zürich, Switzerland",Manessestrasse 85,"Manessestrasse 85, Zürich, Switzerland",47.3656138,8.5220002,NA,NA,NA,NA,NA
SPSN_110,SPSN,Swiss Prime Site AG,2025-12-31,"Müllerstrasse 16, 20",Zürich,"Zurich, Müllerstrasse 16, 20",10474,NA,sole ownership,1980,2023,3864,15897,NA,86.5,NA,NA,10.9,2.6,5,"Müllerstrasse 16, 20, Zürich, Switzerland","Müllerstrasse 16, 20","Müllerstrasse 16, 20, Zürich, Switzerland",47.3742526,8.5312727,Müllerstrasse 16,"Müllerstrasse 16, Zürich, Switzerland",Müllerstrasse 16,"Müllerstrasse 16, Zürich, Switzerland",NA
SPSN_111,SPSN,Swiss Prime Site AG,2025-12-31,Nansenstrasse 5/7,Zürich,"Zurich, Nansenstrasse 5/7",2413,0.4,sole ownership,1985,NA,1740,5871,39,27.1,NA,NA,6.2,27.7,5,"Nansenstrasse 5/7, Zürich, Switzerland",Nansenstrasse 5/7,"Nansenstrasse 5/7, Zürich, Switzerland",47.4108162,8.5456052,NA,NA,NA,NA,NA
SPSN_112,SPSN,Swiss Prime Site AG,2025-12-31,"Ohmstrasse 11, 11a",Zürich,"Zurich, Ohmstrasse 11, 11a",1734,0.4,sole ownership,1927,2007,1970,5992,55.1,23.5,2.2,NA,15.9,3.3,5,"Ohmstrasse 11, 11a, Zürich, Switzerland","Ohmstrasse 11, 11a","Ohmstrasse 11, 11a, Zürich, Switzerland",47.4103862,8.5456451,Ohmstrasse 11,"Ohmstrasse 11, Zürich, Switzerland",Ohmstrasse 11,"Ohmstrasse 11, Zürich, Switzerland",NA
SPSN_113,SPSN,Swiss Prime Site AG,2025-12-31,Pfingstweidstrasse 51/Fifty-One,Zürich,"Zurich, Pfingstweidstrasse 51/Fifty-One",6744,NA,sole sole ownership ownership,2011,NA,6195,20583,NA,86.6,4.1,NA,9.3,NA,5,"Pfingstweidstrasse 51/Fifty-One, Zürich, Switzerland",Pfingstweidstrasse 51,"Pfingstweidstrasse 51, Zürich, Switzerland",47.3887667,8.5151127,NA,NA,NA,NA,NA
SPSN_114,SPSN,Swiss Prime Site AG,2025-12-31,Pfingstweidstrasse 110,Zürich,"Zurich, Pfingstweidstrasse 110",625,NA,01.12.2025 bought,2016,NA,5974,19364,NA,92,NA,NA,8,NA,5,"Pfingstweidstrasse 110, Zürich, Switzerland",Pfingstweidstrasse 110,"Pfingstweidstrasse 110, Zürich, Switzerland",47.391603,8.506962,NA,NA,NA,NA,NA
SPSN_115,SPSN,Swiss Prime Site AG,2025-12-31,Querstrasse 6,Zürich,"Zurich, Querstrasse 6",197,NA,sole ownership,1927,1990,280,563,7.6,5.7,NA,NA,NA,86.7,5,"Querstrasse 6, Zürich, Switzerland",Querstrasse 6,"Querstrasse 6, Zürich, Switzerland",47.4100991,8.5454702,NA,NA,NA,NA,NA
SPSN_116,SPSN,Swiss Prime Site AG,2025-12-31,Restelbergstrasse 108,Zürich,"Zurich, Restelbergstrasse 108",376,NA,sole ownership,1936,1997,1469,672,NA,NA,NA,100,NA,NA,5,"Restelbergstrasse 108, Zürich, Switzerland",Restelbergstrasse 108,"Restelbergstrasse 108, Zürich, Switzerland",47.3861887,8.5534238,NA,NA,NA,NA,NA
SPSN_117,SPSN,Swiss Prime Site AG,2025-12-31,Siewerdtstrasse 8,Zürich,"Zurich, Siewerdtstrasse 8",1131,NA,sole ownership,1981,NA,1114,3687,NA,91.1,NA,NA,8.9,NA,5,"Siewerdtstrasse 8, Zürich, Switzerland",Siewerdtstrasse 8,"Siewerdtstrasse 8, Zürich, Switzerland",47.4119731,8.5472918,NA,NA,NA,NA,NA
SPSN_118,SPSN,Swiss Prime Site AG,2025-12-31,Sihlstrasse 24/St. Annagasse 16,Zürich,"Zurich, Sihlstrasse 24/St. Annagasse 16",1743,8.2,sole ownership,1885,2007,1155,2830,3.9,71.1,15.3,NA,6.1,3.6,5,"Sihlstrasse 24/St. Annagasse 16, Zürich, Switzerland",Sihlstrasse 24/St. Annagasse 16,"Sihlstrasse 24/St. Annagasse 16, Zürich, Switzerland",47.3734066,8.5368208,Sihlstrasse 24,"Sihlstrasse 24, Zürich, Switzerland",Sihlstrasse 24,"Sihlstrasse 24, Zürich, Switzerland",NA
SPSN_119,SPSN,Swiss Prime Site AG,2025-12-31,Steinmühleplatz 1/St. Annagasse 18/Sihlstrasse 20,Zürich,"Zurich, Steinmühleplatz 1/St. Annagasse 18/Sihlstrasse 20",3622,6.6,sole sole ownership ownership,1957,1999,1534,6509,12.7,65.7,NA,NA,17.4,4.2,5,"Steinmühleplatz 1/St. Annagasse 18/Sihlstrasse 20, Zürich, Switzerland",Steinmühleplatz 1/St. Annagasse 18/Sihlstrasse 20,"Steinmühleplatz 1/St. Annagasse 18/Sihlstrasse 20, Zürich, Switzerland",47.373957,8.5369024,Steinmühleplatz 1,"Steinmühleplatz 1, Zürich, Switzerland",Steinmühleplatz 1,"Steinmühleplatz 1, Zürich, Switzerland",NA
SPSN_120,SPSN,Swiss Prime Site AG,2025-12-31,Steinmühleplatz/Jelmoli parking,Zürich,"Zurich, Steinmühleplatz/Jelmoli parking",2462,NA,with conces- sion,1972,2009,1970,84,100,NA,NA,NA,NA,NA,5,"Steinmühleplatz/Jelmoli parking, Zürich, Switzerland",Steinmühleplatz,"Steinmühleplatz, Zürich, Switzerland",47.3739932,8.536562,NA,NA,NA,NA,NA
SPSN_121,SPSN,Swiss Prime Site AG,2025-12-31,"Talacker 21, 23",Zürich,"Zurich, Talacker 21, 23",1981,6.5,sole ownership,1942/ 1972/ 1965,2008,1720,4949,9.4,64.8,NA,NA,25.8,NA,5,"Talacker 21, 23, Zürich, Switzerland","Talacker 21, 23","Talacker 21, 23, Zürich, Switzerland",47.3705269,8.536834,Talacker 21,"Talacker 21, Zürich, Switzerland",Talacker 21,"Talacker 21, Zürich, Switzerland",NA
SPSN_122,SPSN,Swiss Prime Site AG,2025-12-31,Vulkanstrasse 126,Zürich,"Zurich, Vulkanstrasse 126",50,NA,sole ownership,1942/1972/1979,NA,4298,2273,NA,17.1,NA,NA,82.9,NA,5,"Vulkanstrasse 126, Zürich, Switzerland",Vulkanstrasse 126,"Vulkanstrasse 126, Zürich, Switzerland",47.3946486,8.4808867,NA,NA,NA,NA,NA
